,imageOrigin,mask,patch_name,x_center_orig,y_center_orig,x_center_resize,y_center_resize,diam_orig,diam_resize
0,0001.jpg,mask_0001.png,0001.jpg,2343,1745,1040.0,1033.0,200,118.5185185185185
1,0002.jpg,mask_0002.png,0032.jpg,2169,1661,960.0,983.0,154,68.44444444444444
2,0003.jpg,mask_0003.png,0056.jpg,2340,1828,1036.0,1089.0,248,110.22222222222221
3,0004.jpg,mask_0004.png,0121.jpg,2280,1540,1008.0,912.0,180,106.66666666666666
4,0005.jpg,mask_0005.png,0163.jpg,2144,1840,951.0,1092.0,292,173.03703703703704
5,0006.jpg,mask_0006.png,0189.jpg,2356,1932,1044.0,1144.0,248,146.96296296296296
6,0007.jpg,mask_0007.png,0208.jpg,2428,1572,1081.0,931.0,248,110.22222222222221
7,0009.jpg,mask_0009.png,0244.jpg,2324,1108,1033.0,654.0,228,101.33333333333333
8,0010.jpg,mask_0010.png,0319.jpg,2196,1632,977.0,966.0,172,101.92592592592592
9,0011.jpg,mask_0011.png,0366.jpg,2476,1576,1100.0,934.0,212,94.22222222222221
10,0012.jpg,mask_0012.png,0417.jpg,2232,1600,989.0,945.0,199,117.92592592592592
11,0013.jpg,mask_0013.png,0463.jpg,2028,1264,901.0,744.0,208,123.25925925925925
12,0014.jpg,mask_0014.png,0493.jpg,2186,1935,970.0,1142.0,238,141.03703703703704
13,0015.jpg,mask_0015.png,0516.jpg,2528,1560,1122.0,915.0,264,156.44444444444443
14,0016.jpg,mask_0016.png,0535.jpg,2228,1804,989.0,1062.0,284,168.29629629629628
15,0017.jpg,mask_0017.png,0560.jpg,2143,1825,954.0,1079.0,200,118.5185185185185
16,0018.jpg,mask_0018.png,0584.jpg,2082,1511,924.0,893.0,198,117.33333333333333
17,0019.jpg,mask_0019.png,0626.jpg,2649,1805,1175.0,1071.0,251,148.74074074074073
18,0020.jpg,mask_0020.png,0643.jpg,1988,1862,886.0,1101.0,225,133.33333333333331
19,0021.jpg,mask_0021.png,0659.jpg,2439,1312,1083.0,777.0,244,108.44444444444444
20,0022.jpg,mask_0022.png,0676.jpg,2326,1680,1033.0,994.0,220,97.77777777777777
21,0023.jpg,mask_0023.png,0721.jpg,1997,1721,885.0,1020.0,215,127.4074074074074
22,0024.jpg,mask_0024.png,0752.jpg,2569,1803,1142.0,1066.0,264,156.44444444444443
23,0025.jpg,mask_0025.png,0769.jpg,2510,1454,1113.0,859.0,193,114.37037037037037
24,0026.jpg,mask_0026.png,0794.jpg,2143,1697,950.0,1005.0,243,144.0
25,0027.jpg,mask_0027.png,0807.jpg,2172,1344,965.0,794.0,184,109.03703703703704
26,0028.jpg,mask_0028.png,0827.jpg,2404,1697,1070.0,1005.0,179,79.55555555555556
27,0029.jpg,mask_0029.png,0864.jpg,2413,1615,1072.0,955.0,152,90.07407407407408
28,0030.jpg,mask_0030.png,0997.jpg,2216,1812,984.0,1075.0,167,98.96296296296296
29,0031.jpg,mask_0031.png,1161.jpg,1910,1679,846.0,993.0,184,81.77777777777777
30,0032.jpg,mask_0032.png,1198.jpg,2580,1782,1146.0,1055.0,144,64.0
31,0033.jpg,mask_0033.png,1260.jpg,2561,1335,1138.0,790.0,214,126.81481481481481
32,0034.jpg,mask_0034.png,1276.jpg,2390,1739,1060.0,1029.0,169,100.14814814814814
33,0035.jpg,mask_0035.png,1298.jpg,2624,1847,1169.0,1095.0,286,127.1111111111111
34,0036.jpg,mask_0036.png,1323.jpg,2106,1508,935.0,893.0,238,141.03703703703704
35,0037.jpg,mask_0037.png,1346.jpg,2366,1683,1052.0,997.0,262,116.44444444444444
36,0038.jpg,mask_0038.png,1379.jpg,2074,1879,920.0,1114.0,220,97.77777777777777
37,0039.jpg,mask_0039.png,1431.jpg,2824,1323,1254.0,785.0,248,146.96296296296296
38,0040.jpg,mask_0040.png,1513.jpg,2071,1986,916.0,1174.0,259,153.48148148148147
39,0041.jpg,mask_0041.png,1575.jpg,2798,1721,1241.0,1022.0,196,87.1111111111111
40,0042.jpg,mask_0042.png,1614.jpg,2649,1951,1176.0,1155.0,252,112.0
41,0043.jpg,mask_0043.png,1626.jpg,2272,1467,1011.0,865.0,203,120.29629629629629
42,0044.jpg,mask_0044.png,1639.jpg,2328,1767,1034.0,1048.0,228,101.33333333333333
43,0045.jpg,mask_0045.png,1647.jpg,2367,2170,1051.0,1287.0,286,127.1111111111111
44,0046.jpg,mask_0046.png,1661.jpg,2170,1810,964.0,1073.0,208,92.44444444444444
45,0047.jpg,mask_0047.png,1685.jpg,2000,1692,893.0,1001.0,276,122.66666666666666
46,0048.jpg,mask_0048.png,1729.jpg,2312,1415,1026.0,836.0,227,134.5185185185185
47,0049.jpg,mask_0049.png,1757.jpg,1853,1837,823.0,1089.0,220,130.37037037037035
48,0050.jpg,mask_0050.png,1834.jpg,2385,1470,1059.0,871.0,158,93.62962962962962
49,0051.jpg,mask_0051.png,1904.jpg,1882,1715,834.0,1015.0,211,125.03703703703702
50,0052.jpg,mask_0052.png,1942.jpg,2056,1823,911.0,1083.0,262,155.25925925925924
51,0053.jpg,mask_0053.png,1952.jpg,2112,1238,938.0,730.0,177,104.88888888888889
52,0054.jpg,mask_0054.png,1971.jpg,2455,1756,1092.0,1038.0,284,168.29629629629628
53,0055.jpg,mask_0055.png,1986.jpg,2356,1436,1047.0,849.0,238,141.03703703703704
54,0056.jpg,mask_0056.png,2004.jpg,2446,1725,1087.0,1018.0,225,133.33333333333331
55,0057.jpg,mask_0057.png,2021.jpg,2499,1479,1109.0,876.0,212,125.62962962962962
56,0058.jpg,mask_0058.png,2055.jpg,1968,1612,873.0,955.0,184,109.03703703703704
57,0059.jpg,mask_0059.png,2096.jpg,2552,1636,1135.0,966.0,172,101.92592592592592
58,0060.jpg,mask_0060.png,2124.jpg,2644,1726,1171.0,1023.0,223,99.1111111111111
59,0061.jpg,mask_0061.png,2174.jpg,2296,1668,1018.0,989.0,139,61.77777777777777
60,0062.jpg,mask_0062.png,2192.jpg,2071,1520,920.0,901.0,144,85.33333333333333
61,0063.jpg,mask_0063.png,2291.jpg,2934,1746,1303.0,1033.0,134,59.55555555555555
62,0064.jpg,mask_0064.png,2321.jpg,2201,1736,977.0,1025.0,241,107.1111111111111
63,0065.jpg,mask_0065.png,2362.jpg,1903,1468,846.0,867.0,175,103.7037037037037
64,0066.jpg,mask_0066.png,2390.jpg,2061,1914,916.0,1133.0,119,70.51851851851852
65,0067.jpg,mask_0067.png,2406.jpg,2707,1574,1203.0,936.0,240,142.22222222222223
66,0068.jpg,mask_0068.png,2440.jpg,2449,1456,1087.0,862.0,222,131.55555555555554
67,0069.jpg,mask_0069.png,2464.jpg,1906,1556,849.0,917.0,221,98.22222222222221
68,0070.jpg,mask_0070.png,2501.jpg,2390,1828,1063.0,1081.0,230,136.29629629629628
69,0071.jpg,mask_0071.png,2511.jpg,1843,1667,819.0,987.0,226,133.92592592592592
70,0072.jpg,mask_0072.png,2593.jpg,2403,2063,1066.0,1221.0,218,96.88888888888889
71,0073.jpg,mask_0073.png,2638.jpg,1886,1964,839.0,1163.0,230,136.29629629629628
72,0074.jpg,mask_0074.png,2696.jpg,2166,1631,962.0,965.0,216,128.0
73,0075.jpg,mask_0075.png,2749.jpg,2363,1515,1051.0,896.0,221,130.96296296296296
74,0076.jpg,mask_0076.png,2774.jpg,2301,1527,1021.0,904.0,244,108.44444444444444
75,0077.jpg,mask_0077.png,2801.jpg,1980,1761,881.0,1043.0,161,95.4074074074074
76,0078.jpg,mask_0078.png,2822.jpg,2336,1702,1037.0,1007.0,216,128.0
77,0079.jpg,mask_0079.png,2856.jpg,2370,1654,1052.0,983.0,192,113.77777777777777
78,0080.jpg,mask_0080.png,2914.jpg,2273,1614,1010.0,957.0,205,91.1111111111111
79,0081.jpg,mask_0081.png,2954.jpg,2648,1472,1176.0,875.0,356,210.96296296296296
80,0082.jpg,mask_0082.png,2967.jpg,2506,1941,1112.0,1147.0,212,125.62962962962962
81,0083.jpg,mask_0083.png,3016.jpg,2362,1518,1048.0,901.0,257,152.29629629629628
82,0084.jpg,mask_0084.png,3038.jpg,2328,1819,1031.0,1077.0,210,93.33333333333333
83,0085.jpg,mask_0085.png,3064.jpg,2366,1379,1053.0,820.0,225,133.33333333333331
84,0086.jpg,mask_0086.png,3080.jpg,2062,1827,916.0,1082.0,179,106.07407407407406
85,0087.jpg,mask_0087.png,3091.jpg,1884,1997,837.0,1182.0,233,103.55555555555554
86,0088.jpg,mask_0088.png,3111.jpg,2314,1754,1028.0,1037.0,245,145.1851851851852
87,0089.jpg,mask_0089.png,3130.jpg,2326,1735,1032.0,1022.0,261,154.66666666666666
88,0090.jpg,mask_0090.png,3190.jpg,2099,2030,933.0,1202.0,201,89.33333333333333
89,0091.jpg,mask_0091.png,3281.jpg,2783,1262,1232.0,749.0,408,181.33333333333331
90,0092.jpg,mask_0092.png,3302.jpg,2454,1834,1091.0,1088.0,242,107.55555555555554
91,0093.jpg,mask_0093.png,3321.jpg,2508,1637,1113.0,971.0,245,145.1851851851852
92,0094.jpg,mask_0094.png,3382.jpg,2204,1927,980.0,1138.0,235,104.44444444444444
93,0095.jpg,mask_0095.png,3404.jpg,2417,1884,1071.0,1115.0,124,55.11111111111111
94,0096.jpg,mask_0096.png,3509.jpg,2355,1670,1046.0,988.0,114,67.55555555555556
95,0097.jpg,mask_0097.png,3539.jpg,2437,1578,1081.0,935.0,174,103.1111111111111
96,0098.jpg,mask_0098.png,3566.jpg,2337,1791,1037.0,1060.0,132,78.22222222222221
97,0099.jpg,mask_0099.png,3619.jpg,2579,1700,1145.0,1003.0,177,104.88888888888889
98,0100.jpg,mask_0100.png,3711.jpg,2267,1703,1007.0,1007.0,132,78.22222222222221
99,0101.jpg,mask_0101.png,3723.jpg,2880,1841,1077.0,1031.0,221,124.07017543859648
100,0102.jpg,mask_0102.png,3733.jpg,2579,1977,967.0,1108.0,240,89.82456140350877
101,0103.jpg,mask_0103.png,3754.jpg,2847,1740,1064.0,974.0,259,145.4035087719298
102,0104.jpg,mask_0104.png,3764.jpg,2779,1836,1040.0,1032.0,256,143.71929824561403
103,0105.jpg,mask_0105.png,3851.jpg,2764,1853,1033.0,1040.0,246,138.10526315789474
104,0106.jpg,mask_0106.png,3871.jpg,2541,1883,952.0,1053.0,271,152.140350877193
105,0107.jpg,mask_0107.png,3941.jpg,2551,1817,953.0,1016.0,259,145.4035087719298
106,0108.jpg,mask_0108.png,3977.jpg,2678,1820,1000.0,1013.0,234,131.36842105263156
107,0109.jpg,mask_0109.png,4033.jpg,2855,1700,1068.0,955.0,241,135.29824561403507
108,0110.jpg,mask_0110.png,4052.jpg,2457,1748,921.0,984.0,258,144.8421052631579
109,0111.jpg,mask_0111.png,4071.jpg,2864,1930,1072.0,1088.0,294,110.03508771929825
110,0112.jpg,mask_0112.png,4130.jpg,2821,1800,1055.0,1007.0,325,121.63742690058479
111,0113.jpg,mask_0113.png,4166.jpg,2661,2033,998.0,1142.0,308,115.27485380116958
112,0114.jpg,mask_0114.png,4215.jpg,2847,1966,1068.0,1099.0,328,122.76023391812865
113,0115.jpg,mask_0115.png,4261.jpg,2736,1808,1022.0,1015.0,289,162.2456140350877
114,0116.jpg,mask_0116.png,4276.jpg,2957,1807,1103.0,1016.0,308,172.91228070175438
115,0117.jpg,mask_0117.png,4309.jpg,2888,1826,1082.0,1022.0,397,222.87719298245614
116,0118.jpg,mask_0118.png,4325.jpg,3043,1718,1137.0,966.0,348,195.36842105263156
117,0119.jpg,mask_0119.png,4337.jpg,2819,1836,1051.0,1029.0,244,91.32163742690058
118,0120.jpg,mask_0120.png,4357.jpg,2380,1944,891.0,1090.0,253,142.03508771929825
119,0121.jpg,mask_0121.png,4384.jpg,2731,1907,1021.0,1065.0,244,136.98245614035088
120,0122.jpg,mask_0122.png,4417.jpg,2649,1816,993.0,1021.0,225,126.3157894736842
121,0123.jpg,mask_0123.png,4466.jpg,2816,1890,1052.0,1056.0,340,127.25146198830409
122,0124.jpg,mask_0124.png,4499.jpg,2996,2183,1123.0,1221.0,371,138.85380116959064
123,0125.jpg,mask_0125.png,4546.jpg,2843,1826,1062.0,1027.0,303,113.40350877192982
124,0126.jpg,mask_0126.png,4572.jpg,3014,1899,1129.0,1065.0,274,102.54970760233917
125,0127.jpg,mask_0127.png,4605.jpg,2746,1948,1026.0,1091.0,266,99.55555555555554
126,0128.jpg,mask_0128.png,4626.jpg,2693,1596,1010.0,895.0,273,153.26315789473682
127,0129.jpg,mask_0129.png,4680.jpg,2772,1948,1036.0,1090.0,277,155.50877192982455
128,0130.jpg,mask_0130.png,4721.jpg,2609,1907,975.0,1067.0,297,166.73684210526315
129,0131.jpg,mask_0131.png,4741.jpg,2809,1862,1049.0,1046.0,242,90.57309941520467
130,0132.jpg,mask_0132.png,4769.jpg,2615,1763,978.0,990.0,261,146.52631578947367
131,0133.jpg,mask_0133.png,4812.jpg,2808,1711,1050.0,957.0,260,145.96491228070175
132,0134.jpg,mask_0134.png,4826.jpg,2984,1928,1115.0,1079.0,267,149.89473684210526
133,0135.jpg,mask_0135.png,4851.jpg,2788,1967,1043.0,1102.0,269,151.01754385964912
134,0136.jpg,mask_0136.png,4900.jpg,2797,1842,1048.0,1030.0,309,173.4736842105263
135,0137.jpg,mask_0137.png,4936.jpg,2713,1905,1019.0,1067.0,341,127.62573099415204
136,0138.jpg,mask_0138.png,4955.jpg,3098,1743,1158.0,975.0,274,153.82456140350877
137,0139.jpg,mask_0139.png,4998.jpg,2843,1934,1066.0,1082.0,300,168.42105263157893
138,0140.jpg,mask_0140.png,5013.jpg,2823,1984,1056.0,1113.0,293,109.66081871345028
139,0141.jpg,mask_0141.png,5039.jpg,2682,1926,1004.0,1078.0,300,112.28070175438596
140,0142.jpg,mask_0142.png,5061.jpg,2372,1773,889.0,991.0,276,103.29824561403508
141,0143.jpg,mask_0143.png,5097.jpg,2815,1848,1054.0,1036.0,284,159.43859649122805
142,0144.jpg,mask_0144.png,5130.jpg,3055,1846,1140.0,1031.0,324,181.89473684210526
143,0145.jpg,mask_0145.png,5170.jpg,2608,1879,978.0,1052.0,320,179.64912280701753
144,0146.jpg,mask_0146.png,5194.jpg,3067,1710,1138.0,966.0,330,185.26315789473682
145,0147.jpg,mask_0147.png,5221.jpg,2862,1830,1071.0,1026.0,292,163.9298245614035
146,0148.jpg,mask_0148.png,5239.jpg,2623,1881,981.0,1051.0,280,157.19298245614033
147,0149.jpg,mask_0149.png,5258.jpg,2698,1923,1009.0,1078.0,223,83.46198830409357
148,0150.jpg,mask_0150.png,5275.jpg,2711,1835,1021.0,1036.0,319,179.08771929824562
149,0151.jpg,mask_0151.png,5288.jpg,2784,1818,1041.0,1022.0,277,103.67251461988303
150,0152.jpg,mask_0152.png,5312.jpg,2888,1869,1077.0,1049.0,329,123.1345029239766
151,0153.jpg,mask_0153.png,5334.jpg,2877,1823,1076.0,1023.0,234,131.36842105263156
152,0154.jpg,mask_0154.png,5347.jpg,2546,1972,952.0,1106.0,228,128.0
153,0155.jpg,mask_0155.png,5366.jpg,2762,1918,1034.0,1074.0,274,102.54970760233917
154,0156.jpg,mask_0156.png,5400.jpg,2802,1948,1049.0,1091.0,320,119.76608187134502
155,0157.jpg,mask_0157.png,5441.jpg,2787,1742,1044.0,976.0,248,92.81871345029239
156,0158.jpg,mask_0158.png,5460.jpg,2684,1758,1005.0,990.0,290,162.80701754385964
157,0159.jpg,mask_0159.png,5476.jpg,2863,1875,1076.0,1054.0,310,116.0233918128655
158,0160.jpg,mask_0160.png,5502.jpg,2497,1825,937.0,1027.0,316,177.4035087719298
159,0161.jpg,mask_0161.png,5524.jpg,2713,1910,1015.0,1071.0,297,111.1578947368421
160,0162.jpg,mask_0162.png,5544.jpg,2635,1847,990.0,1034.0,348,130.24561403508773
161,0163.jpg,mask_0163.png,5585.jpg,2807,1963,1052.0,1101.0,302,169.5438596491228
162,0164.jpg,mask_0164.png,5602.jpg,2656,1940,993.0,1085.0,274,153.82456140350877
163,0165.jpg,mask_0165.png,5621.jpg,2804,1955,1047.0,1097.0,252,141.4736842105263
164,0166.jpg,mask_0166.png,5639.jpg,2697,1795,1010.0,1004.0,267,149.89473684210526
165,0167.jpg,mask_0167.png,5667.jpg,2713,1817,1016.0,1020.0,284,159.43859649122805
166,0168.jpg,mask_0168.png,5689.jpg,2575,1798,966.0,1008.0,315,176.8421052631579
167,0169.jpg,mask_0169.png,5717.jpg,2776,1932,1039.0,1081.0,326,183.01754385964912
168,0170.jpg,mask_0170.png,5752.jpg,2899,1712,1076.0,963.0,319,179.08771929824562
169,0171.jpg,mask_0171.png,5791.jpg,2713,1899,1015.0,1064.0,315,176.8421052631579
170,0172.jpg,mask_0172.png,5833.jpg,2685,1747,1005.0,979.0,319,179.08771929824562
171,0173.jpg,mask_0173.png,5874.jpg,2777,1882,1039.0,1054.0,228,85.33333333333333
172,0174.jpg,mask_0174.png,5891.jpg,2694,1875,1007.0,1052.0,251,140.91228070175438
173,0175.jpg,mask_0175.png,5923.jpg,2837,1973,1061.0,1106.0,247,92.44444444444444
174,0176.jpg,mask_0176.png,5949.jpg,2613,1648,979.0,920.0,266,149.33333333333331
175,0177.jpg,mask_0177.png,5981.jpg,2793,1833,1045.0,1027.0,177,99.36842105263158
176,0178.jpg,mask_0178.png,6025.jpg,2526,1833,947.0,1026.0,285,160.0
177,0179.jpg,mask_0179.png,6058.jpg,2747,1908,1028.0,1071.0,253,142.03508771929825
178,0180.jpg,mask_0180.png,6082.jpg,2571,1709,966.0,958.0,270,151.57894736842104
179,0181.jpg,mask_0181.png,6131.jpg,2640,1874,992.0,1053.0,319,119.39181286549707
180,0182.jpg,mask_0182.png,6166.jpg,2902,1770,1083.0,989.0,317,177.96491228070175
181,0183.jpg,mask_0183.png,6202.jpg,2687,2015,1006.0,1130.0,245,137.5438596491228
182,0184.jpg,mask_0184.png,6240.jpg,2486,1920,934.0,1078.0,269,151.01754385964912
183,0185.jpg,mask_0185.png,6267.jpg,2757,1894,1030.0,1063.0,231,86.45614035087719
184,0186.jpg,mask_0186.png,6286.jpg,2886,1927,1077.0,1079.0,245,91.69590643274853
185,0187.jpg,mask_0187.png,6329.jpg,2943,1811,1101.0,1015.0,260,145.96491228070175
186,0188.jpg,mask_0188.png,6367.jpg,2730,1908,1020.0,1071.0,245,91.69590643274853
187,0189.jpg,mask_0189.png,6408.jpg,2791,1821,1047.0,1019.0,268,100.30409356725146
188,0190.jpg,mask_0190.png,6437.jpg,2615,1946,977.0,1091.0,259,145.4035087719298
189,0191.jpg,mask_0191.png,6480.jpg,2773,1981,1036.0,1111.0,261,146.52631578947367
190,0192.jpg,mask_0192.png,6516.jpg,2523,1844,944.0,1034.0,249,139.78947368421052
191,0193.jpg,mask_0193.png,6537.jpg,2677,1902,999.0,1068.0,314,176.28070175438594
192,0194.jpg,mask_0194.png,6564.jpg,2790,1952,1037.0,1089.0,334,125.00584795321637
193,0195.jpg,mask_0195.png,6580.jpg,2682,1840,1003.0,1030.0,266,149.33333333333331
194,0196.jpg,mask_0196.png,6597.jpg,2651,1861,992.0,1047.0,277,155.50877192982455
195,0197.jpg,mask_0197.png,6617.jpg,2785,1889,1040.0,1061.0,321,180.21052631578945
196,0198.jpg,mask_0198.png,6666.jpg,2720,1939,1019.0,1089.0,309,115.64912280701753
197,0199.jpg,mask_0199.png,6724.jpg,2816,2019,1054.0,1133.0,281,105.16959064327484
198,0200.jpg,mask_0200.png,6775.jpg,2567,1884,958.0,1059.0,268,150.45614035087718
199,0203.jpg,mask_0203.png,7047.jpg,2249,2037,999.0,1207.0,104,46.22222222222222
200,0207.jpg,mask_0207.png,7570.jpg,1497,1257,665.0,742.0,143,63.55555555555555
201,0213.jpg,mask_0213.png,7818.jpg,2671,1096,1186.0,650.0,141,83.55555555555556
202,0215.jpg,mask_0215.png,7882.jpg,2139,700,950.0,415.0,133,59.11111111111111
203,0217.jpg,mask_0217.png,7953.jpg,2549,2219,1131.0,1318.0,112,49.77777777777777
204,0223.jpg,mask_0223.png,8261.jpg,2882,1476,1276.0,874.0,120,53.33333333333333
205,0230.jpg,mask_0230.png,8564.jpg,2390,990,1062.0,587.0,78,46.22222222222222
206,0257.jpg,mask_0257.png,9135.jpg,2420,1744,1075.0,1032.0,158,93.62962962962962
207,0258.jpg,mask_0258.png,9155.jpg,2379,1642,1055.0,971.0,172,101.92592592592592
208,0260.jpg,mask_0260.png,9182.jpg,2369,1847,1053.0,1090.0,181,107.25925925925925
209,0262.jpg,mask_0262.png,9243.jpg,2532,1623,1122.0,959.0,164,97.18518518518518
210,0263.jpg,mask_0263.png,9265.jpg,2433,1703,1078.0,1009.0,231,136.88888888888889
211,0264.jpg,mask_0264.png,9349.jpg,2210,1770,981.0,1051.0,374,221.62962962962962
212,0265.jpg,mask_0265.png,9361.jpg,2356,1778,1045.0,1057.0,290,171.85185185185185
213,0266.jpg,mask_0266.png,9378.jpg,2353,1652,1041.0,977.0,331,147.11111111111111
214,0270.jpg,mask_0270.png,9398.jpg,2305,1555,1024.0,923.0,166,98.37037037037037
215,0271.jpg,mask_0271.png,9417.jpg,2263,1672,1006.0,992.0,128,75.85185185185185
216,0272.jpg,mask_0272.png,9487.jpg,2225,1763,991.0,1047.0,256,151.7037037037037
217,0274.jpg,mask_0274.png,9501.jpg,2223,1593,987.0,945.0,196,116.14814814814814
218,0275.jpg,mask_0275.png,9542.jpg,2247,1572,998.0,934.0,231,136.88888888888889
219,0276.jpg,mask_0276.png,9585.jpg,2242,1844,994.0,1091.0,247,146.37037037037035
220,0278.jpg,mask_0278.png,9607.jpg,2510,1704,1114.0,1005.0,190,112.59259259259258
221,0279.jpg,mask_0279.png,9623.jpg,2431,1835,1080.0,1086.0,170,100.74074074074073
222,0280.jpg,mask_0280.png,9677.jpg,2497,1760,1109.0,1040.0,171,101.33333333333333
223,0281.jpg,mask_0281.png,9704.jpg,2217,1765,985.0,1048.0,176,104.29629629629629
224,0282.jpg,mask_0282.png,9747.jpg,2353,1600,1042.0,944.0,194,86.22222222222221
225,0283.jpg,mask_0283.png,9761.jpg,2464,1663,1094.0,985.0,253,112.44444444444444
226,0284.jpg,mask_0284.png,9772.jpg,2332,1965,1034.0,1158.0,238,105.77777777777777
227,0285.jpg,mask_0285.png,9787.jpg,2405,1964,1070.0,1154.0,222,131.55555555555554
228,0286.jpg,mask_0286.png,9818.jpg,2364,1775,1049.0,1047.0,230,136.29629629629628
229,0287.jpg,mask_0287.png,9872.jpg,2340,1789,1038.0,1061.0,196,116.14814814814814
230,0289.jpg,mask_0289.png,9897.jpg,2281,1636,1011.0,972.0,277,123.1111111111111
231,0291.jpg,mask_0291.png,9975.jpg,2445,1812,1085.0,1073.0,174,103.1111111111111
232,0292.jpg,mask_0292.png,10003.jpg,2233,1804,992.0,1070.0,204,90.66666666666666
233,0294.jpg,mask_0294.png,10041.jpg,2220,1644,986.0,977.0,222,131.55555555555554
234,0295.jpg,mask_0295.png,10078.jpg,2358,1609,1046.0,949.0,260,154.07407407407408
235,0296.jpg,mask_0296.png,10130.jpg,2378,1650,1056.0,979.0,134,59.55555555555555
236,0297.jpg,mask_0297.png,10363.jpg,2542,1655,1129.0,980.0,142,84.14814814814814
237,0298.jpg,mask_0298.png,10412.jpg,2512,1612,1117.0,955.0,180,106.66666666666666
238,0300.jpg,mask_0300.png,10469.jpg,2285,1542,1012.0,916.0,286,127.1111111111111
239,0301.jpg,mask_0301.png,10480.jpg,2339,1789,1042.0,1058.0,279,165.33333333333331
240,0302.jpg,mask_0302.png,10520.jpg,2258,1733,1003.0,1027.0,146,86.51851851851852
241,0303.jpg,mask_0303.png,10530.jpg,2267,1684,1008.0,994.0,243,144.0
242,0304.jpg,mask_0304.png,10557.jpg,2273,1653,1015.0,980.0,160,71.11111111111111
243,0305.jpg,mask_0305.png,10566.jpg,2288,1808,1016.0,1071.0,212,125.62962962962962
244,0306.jpg,mask_0306.png,10580.jpg,2482,1725,1103.0,1019.0,152,90.07407407407408
245,0307.jpg,mask_0307.png,10600.jpg,2592,1756,971.0,981.0,836,469.3333333333333
246,0308.jpg,mask_0308.png,10618.jpg,2804,1960,1044.0,1114.0,672,377.2631578947368
247,0309.jpg,mask_0309.png,10629.jpg,2820,1616,1059.0,908.0,644,241.02923976608184
248,0310.jpg,mask_0310.png,10647.jpg,3248,1908,1224.0,1073.0,896,335.34502923976606
249,0311.jpg,mask_0311.png,10665.jpg,3028,1792,1137.0,1013.0,796,297.91812865497076
250,0312.jpg,mask_0312.png,10674.jpg,2276,1804,855.0,1012.0,728,408.7017543859649
251,0313.jpg,mask_0313.png,10686.jpg,2512,2264,940.0,1273.0,600,224.56140350877192
252,0314.jpg,mask_0314.png,10715.jpg,2816,1708,1051.0,955.0,776,435.64912280701753
253,0315.jpg,mask_0315.png,10722.jpg,2660,2024,993.0,1139.0,688,257.4970760233918
254,0316.jpg,mask_0316.png,10731.jpg,2676,2164,997.0,1212.0,564,211.0877192982456
255,0317.jpg,mask_0317.png,10749.jpg,2404,1472,904.0,830.0,664,248.51461988304092
256,0318.jpg,mask_0318.png,10769.jpg,2752,1776,1032.0,988.0,728,408.7017543859649
257,0319.jpg,mask_0319.png,10797.jpg,2688,1756,1008.0,982.0,620,348.0701754385965
258,0320.jpg,mask_0320.png,10817.jpg,2636,1932,984.0,1100.0,744,417.6842105263158
259,0321.jpg,mask_0321.png,10842.jpg,2328,1416,874.0,798.0,436,244.7719298245614
260,0322.jpg,mask_0322.png,10851.jpg,2576,1780,965.0,1003.0,504,188.6315789473684
261,0323.jpg,mask_0323.png,10865.jpg,2612,1516,980.0,857.0,599,224.18713450292395
262,0324.jpg,mask_0324.png,10895.jpg,2684,1852,1006.0,1035.0,588,330.10526315789474
263,0325.jpg,mask_0325.png,10910.jpg,2612,1928,980.0,1069.0,748,419.9298245614035
264,0326.jpg,mask_0326.png,10927.jpg,2500,2248,935.0,1265.0,864,485.05263157894734
265,0327.jpg,mask_0327.png,10944.jpg,2176,2436,815.0,1376.0,752,281.4502923976608
266,0328.jpg,mask_0328.png,10966.jpg,2912,1520,1086.0,852.0,572,321.12280701754383
267,0329.jpg,mask_0329.png,10992.jpg,2652,1844,994.0,1044.0,564,316.6315789473684
268,0330.jpg,mask_0330.png,10999.jpg,2904,1552,1092.0,878.0,752,422.1754385964912
269,0331.jpg,mask_0331.png,11025.jpg,1976,1956,738.0,1092.0,644,361.5438596491228
270,0333.jpg,mask_0333.png,11075.jpg,2000,1860,754.0,1049.0,516,193.12280701754383
271,0334.jpg,mask_0334.png,11086.jpg,2736,1736,1031.0,976.0,544,203.60233918128654
272,0335.jpg,mask_0335.png,11101.jpg,2692,1856,1012.0,1044.0,476,267.2280701754386
273,0336.jpg,mask_0336.png,11113.jpg,3168,1860,1191.0,1060.0,688,386.24561403508767
274,0337.jpg,mask_0337.png,11156.jpg,2668,2048,1003.0,1149.0,680,381.7543859649123
275,0338.jpg,mask_0338.png,11177.jpg,2240,1840,843.0,1031.0,612,343.57894736842104
276,0339.jpg,mask_0339.png,11193.jpg,2420,1724,901.0,988.0,596,334.59649122807014
277,0340.jpg,mask_0340.png,11214.jpg,2672,1928,1001.0,1087.0,472,264.98245614035085
278,0342.jpg,mask_0342.png,11246.jpg,2576,1924,973.0,1089.0,444,249.26315789473682
279,0343.jpg,mask_0343.png,11262.jpg,3012,1888,1133.0,1076.0,712,399.719298245614
280,0344.jpg,mask_0344.png,11275.jpg,2456,2048,922.0,1139.0,496,278.45614035087715
281,0345.jpg,mask_0345.png,11284.jpg,2464,2200,926.0,1231.0,392,146.71345029239765
282,0346.jpg,mask_0346.png,11304.jpg,2956,1884,1107.0,1057.0,508,285.1929824561403
283,0347.jpg,mask_0347.png,11318.jpg,3328,1824,1250.0,1029.0,572,321.12280701754383
284,0348.jpg,mask_0348.png,11334.jpg,3012,1772,1130.0,990.0,492,276.2105263157895
285,0349.jpg,mask_0349.png,11343.jpg,2276,1720,849.0,968.0,608,341.3333333333333
286,0350.jpg,mask_0350.png,11359.jpg,3028,2124,1133.0,1187.0,444,249.26315789473682
287,0352.jpg,mask_0352.png,11376.jpg,2320,1880,878.0,1068.0,436,244.7719298245614
288,0353.jpg,mask_0353.png,11383.jpg,2360,2076,884.0,1163.0,528,296.42105263157896
289,0354.jpg,mask_0354.png,11396.jpg,3096,1584,1143.0,901.0,704,395.2280701754386
290,0355.jpg,mask_0355.png,11419.jpg,2304,1456,860.0,811.0,572,321.12280701754383
291,0356.jpg,mask_0356.png,11445.jpg,2504,1548,940.0,861.0,476,267.2280701754386
292,0357.jpg,mask_0357.png,11465.jpg,2868,1932,1078.0,1091.0,532,298.66666666666663
293,0358.jpg,mask_0358.png,11493.jpg,3116,1828,1166.0,1023.0,456,256.0
294,0359.jpg,mask_0359.png,11512.jpg,2812,1772,1049.0,992.0,540,303.1578947368421
295,0360.jpg,mask_0360.png,11531.jpg,2520,2172,958.0,1225.0,540,303.1578947368421
296,0361.jpg,mask_0361.png,11550.jpg,3160,2468,1181.0,1384.0,460,258.2456140350877
297,0362.jpg,mask_0362.png,11563.jpg,2636,2104,989.0,1174.0,436,244.7719298245614
298,0363.jpg,mask_0363.png,11585.jpg,3148,1832,1182.0,1048.0,523,293.6140350877193
299,0364.jpg,mask_0364.png,11631.jpg,2808,1612,1049.0,914.0,536,300.91228070175436
300,0365.jpg,mask_0365.png,11659.jpg,2768,1668,1032.0,936.0,640,359.29824561403507
301,0366.jpg,mask_0366.png,11670.jpg,2452,1576,916.0,866.0,708,397.4736842105263
302,0367.jpg,mask_0367.png,11694.jpg,2940,1996,1094.0,1133.0,572,321.12280701754383
303,0368.jpg,mask_0368.png,11719.jpg,2340,1664,874.0,943.0,624,350.31578947368416
304,0369.jpg,mask_0369.png,11745.jpg,2860,1944,1069.0,1091.0,496,278.45614035087715
305,0370.jpg,mask_0370.png,11760.jpg,2980,1896,1121.0,1062.0,460,172.16374269005848
306,0372.jpg,mask_0372.png,11773.jpg,2296,1860,859.0,1037.0,800,449.12280701754383
307,0374.jpg,mask_0374.png,11829.jpg,2768,1360,1039.0,796.0,712,399.719298245614
308,0375.jpg,mask_0375.png,11866.jpg,2800,1784,1051.0,1009.0,644,361.5438596491228
309,0376.jpg,mask_0376.png,11883.jpg,2784,1860,1042.0,1044.0,508,285.1929824561403
310,0377.jpg,mask_0377.png,11900.jpg,2632,1460,983.0,820.0,572,321.12280701754383
311,0378.jpg,mask_0378.png,11912.jpg,2760,1756,1034.0,985.0,496,278.45614035087715
312,0379.jpg,mask_0379.png,11934.jpg,2892,1516,1080.0,843.0,680,381.7543859649123
313,0380.jpg,mask_0380.png,11952.jpg,2460,1504,923.0,844.0,584,327.859649122807
314,0381.jpg,mask_0381.png,11971.jpg,2452,1580,927.0,895.0,560,314.38596491228066
315,0382.jpg,mask_0382.png,11980.jpg,2168,1884,817.0,1060.0,484,271.719298245614
316,0383.jpg,mask_0383.png,11993.jpg,2504,1988,936.0,1112.0,628,235.0409356725146
317,0384.jpg,mask_0384.png,12034.jpg,2592,2052,964.0,1156.0,652,244.0233918128655
318,0385.jpg,mask_0385.png,12055.jpg,2780,1640,1054.0,921.0,608,227.55555555555554
319,0386.jpg,mask_0386.png,12077.jpg,2596,1752,973.0,983.0,548,205.09941520467834
320,0387.jpg,mask_0387.png,12086.jpg,2688,2024,1009.0,1142.0,740,415.43859649122805
321,0388.jpg,mask_0388.png,12107.jpg,2820,2060,1058.0,1158.0,536,300.91228070175436
322,0389.jpg,mask_0389.png,12138.jpg,2592,2008,970.0,1127.0,724,406.45614035087715
323,0390.jpg,mask_0390.png,12170.jpg,2692,1536,1008.0,860.0,692,258.9941520467836
324,0391.jpg,mask_0391.png,12196.jpg,3096,1588,1156.0,887.0,672,377.2631578947368
325,0392.jpg,mask_0392.png,12237.jpg,2972,2308,1120.0,1290.0,644,361.5438596491228
326,0393.jpg,mask_0393.png,12277.jpg,2736,1780,1020.0,1000.0,500,280.7017543859649
327,0394.jpg,mask_0394.png,12288.jpg,2660,1792,991.0,1001.0,660,370.52631578947364
328,0395.jpg,mask_0395.png,12299.jpg,3140,1976,1173.0,1102.0,552,309.89473684210526
329,0396.jpg,mask_0396.png,12318.jpg,2708,1908,1015.0,1065.0,520,291.9298245614035
330,0397.jpg,mask_0397.png,12328.jpg,2236,1940,834.0,1089.0,480,179.64912280701753
331,0398.jpg,mask_0398.png,12335.jpg,2220,1852,830.0,1045.0,504,282.9473684210526
332,0399.jpg,mask_0399.png,12348.jpg,2348,1948,880.0,1092.0,488,182.64327485380116
333,0400.jpg,mask_0400.png,12363.jpg,2336,1856,875.0,1043.0,628,352.5614035087719
334,0401.jpg,mask_0401.png,12378.jpg,2876,1424,1078.0,796.0,484,271.719298245614
335,0402.jpg,mask_0402.png,12390.jpg,2764,1384,1031.0,783.0,555,311.57894736842104
336,0403.jpg,mask_0403.png,12399.jpg,2640,2172,990.0,1210.0,588,330.10526315789474
337,0404.jpg,mask_0404.png,12411.jpg,2472,1920,927.0,1083.0,556,312.140350877193
338,0405.jpg,mask_0405.png,12423.jpg,2828,1628,1061.0,910.0,631,354.2456140350877
339,0406.jpg,mask_0406.png,12459.jpg,2648,2236,992.0,1250.0,584,327.859649122807
340,0407.jpg,mask_0407.png,12480.jpg,1721,1835,1022.0,1081.0,214,126.81481481481481
341,0409.jpg,mask_0409.png,12583.jpg,1801,1687,1068.0,1001.0,167,98.96296296296296
342,0410.jpg,mask_0410.png,12628.jpg,1905,1537,1131.0,912.0,259,153.48148148148147
343,0411.jpg,mask_0411.png,12662.jpg,1819,1674,1077.0,991.0,228,135.11111111111111
344,0412.jpg,mask_0412.png,12678.jpg,1681,1807,995.0,1068.0,242,143.4074074074074
345,0413.jpg,mask_0413.png,12690.jpg,1508,1985,891.0,1167.0,341,202.07407407407408
346,0414.jpg,mask_0414.png,12707.jpg,1623,1793,970.0,1063.0,423,250.66666666666666
347,0415.jpg,mask_0415.png,12730.jpg,1366,1794,819.0,1056.0,401,237.62962962962962
348,0416.jpg,mask_0416.png,12757.jpg,1942,1831,1145.0,1075.0,388,229.92592592592592
349,0417.jpg,mask_0417.png,12770.jpg,1864,1698,1102.0,1005.0,387,229.33333333333331
350,0418.jpg,mask_0418.png,12785.jpg,1672,1756,997.0,1039.0,352,208.59259259259258
351,0419.jpg,mask_0419.png,12805.jpg,1268,1737,761.0,1027.0,325,192.59259259259258
352,0420.jpg,mask_0420.png,12825.jpg,1925,1903,1137.0,1127.0,418,247.7037037037037
353,0421.jpg,mask_0421.png,12864.jpg,1584,1590,938.0,944.0,331,196.14814814814812
354,0422.jpg,mask_0422.png,12881.jpg,1535,1682,915.0,996.0,330,195.55555555555554
355,0423.jpg,mask_0423.png,12902.jpg,1520,1817,899.0,1071.0,332,196.74074074074073
356,0424.jpg,mask_0424.png,12921.jpg,1723,1736,1027.0,1034.0,445,263.7037037037037
357,0425.jpg,mask_0425.png,12954.jpg,1733,1475,1035.0,875.0,414,245.33333333333331
358,0426.jpg,mask_0426.png,12974.jpg,1892,1715,1127.0,1015.0,338,200.29629629629628
359,0427.jpg,mask_0427.png,12989.jpg,1614,1581,958.0,935.0,248,146.96296296296296
360,0428.jpg,mask_0428.png,12998.jpg,1623,1737,960.0,1025.0,297,176.0
361,0429.jpg,mask_0429.png,13017.jpg,1892,1814,1119.0,1076.0,226,133.92592592592592
362,0430.jpg,mask_0430.png,13029.jpg,1938,1826,1148.0,1080.0,275,162.96296296296296
363,0431.jpg,mask_0431.png,13043.jpg,1958,1821,1159.0,1076.0,412,244.14814814814812
364,0432.jpg,mask_0432.png,13073.jpg,1900,1915,1130.0,1135.0,356,210.96296296296296
365,0433.jpg,mask_0433.png,13099.jpg,1819,1808,1076.0,1070.0,305,180.74074074074073
366,0434.jpg,mask_0434.png,13110.jpg,1699,1675,1007.0,995.0,421,249.48148148148147
367,0435.jpg,mask_0435.png,13143.jpg,1884,1638,1102.0,976.0,503,298.0740740740741
368,0436.jpg,mask_0436.png,13171.jpg,1841,1791,1091.0,1058.0,329,194.96296296296296
369,0437.jpg,mask_0437.png,13189.jpg,2003,1533,1187.0,909.0,328,194.37037037037035
370,0438.jpg,mask_0438.png,13201.jpg,1592,1605,950.0,953.0,311,184.29629629629628
371,0439.jpg,mask_0439.png,13227.jpg,1808,1871,1070.0,1112.0,312,184.88888888888889
372,0440.jpg,mask_0440.png,13265.jpg,1660,1750,983.0,1040.0,228,135.11111111111111
373,0441.jpg,mask_0441.png,13308.jpg,2135,1704,1264.0,1008.0,412,244.14814814814812
374,0442.jpg,mask_0442.png,13332.jpg,1759,1758,1050.0,1040.0,360,213.33333333333331
375,0443.jpg,mask_0443.png,13369.jpg,1849,1780,1097.0,1053.0,321,190.2222222222222
376,0444.jpg,mask_0444.png,13380.jpg,1477,1564,878.0,922.0,352,208.59259259259258
377,0445.jpg,mask_0445.png,13401.jpg,1838,1998,1087.0,1184.0,333,197.33333333333331
378,0446.jpg,mask_0446.png,13416.jpg,1497,1526,889.0,900.0,348,206.2222222222222
379,0447.jpg,mask_0447.png,13443.jpg,1275,1531,757.0,904.0,390,231.1111111111111
380,0448.jpg,mask_0448.png,13474.jpg,1823,1781,1078.0,1053.0,401,237.62962962962962
381,0449.jpg,mask_0449.png,13492.jpg,1810,2035,1067.0,1202.0,412,244.14814814814812
382,0450.jpg,mask_0450.png,13509.jpg,1659,1876,983.0,1112.0,479,283.85185185185185
383,0451.jpg,mask_0451.png,13538.jpg,1453,1793,871.0,1054.0,463,274.3703703703704
384,0452.jpg,mask_0452.png,13577.jpg,1487,1406,884.0,831.0,347,205.62962962962962
385,0453.jpg,mask_0453.png,13611.jpg,1333,1656,802.0,984.0,477,282.66666666666663
386,0454.jpg,mask_0454.png,13653.jpg,1576,1672,951.0,990.0,494,292.7407407407407
387,0455.jpg,mask_0455.png,13701.jpg,2033,1815,1197.0,1064.0,382,226.37037037037035
388,0456.jpg,mask_0456.png,13740.jpg,1346,1805,816.0,1045.0,422,250.07407407407405
389,0457.jpg,mask_0457.png,13781.jpg,1271,1466,769.0,869.0,399,236.44444444444443
390,0458.jpg,mask_0458.png,13815.jpg,2067,1907,1226.0,1137.0,391,231.7037037037037
391,0459.jpg,mask_0459.png,13862.jpg,1689,1692,1001.0,1002.0,328,194.37037037037035
392,0460.jpg,mask_0460.png,13880.jpg,1801,1725,1073.0,1011.0,369,218.66666666666666
393,0461.jpg,mask_0461.png,13917.jpg,1557,1817,922.0,1079.0,357,211.55555555555554
394,0462.jpg,mask_0462.png,13948.jpg,1923,1897,1129.0,1109.0,422,250.07407407407405
395,0463.jpg,mask_0463.png,13981.jpg,1539,1573,919.0,929.0,464,274.96296296296293
396,0464.jpg,mask_0464.png,14041.jpg,1945,1885,1145.0,1111.0,431,255.4074074074074
397,0465.jpg,mask_0465.png,14090.jpg,1870,1727,1123.0,1014.0,498,295.1111111111111
398,0466.jpg,mask_0466.png,14164.jpg,1868,1981,1090.0,1173.0,480,284.44444444444446
399,0467.jpg,mask_0467.png,14205.jpg,1810,1674,1074.0,984.0,404,239.4074074074074
400,0468.jpg,mask_0468.png,14248.jpg,1487,1622,871.0,956.0,466,276.14814814814815
401,0469.jpg,mask_0469.png,14314.jpg,1775,1846,1057.0,1091.0,456,270.22222222222223
402,0470.jpg,mask_0470.png,14384.jpg,1696,1779,1014.0,1051.0,432,256.0
403,0471.jpg,mask_0471.png,14420.jpg,1772,1559,1050.0,922.0,389,230.5185185185185
404,0472.jpg,mask_0472.png,14454.jpg,1913,1901,1131.0,1129.0,460,272.59259259259255
405,0473.jpg,mask_0473.png,14499.jpg,1866,1786,1115.0,1061.0,416,246.5185185185185
406,0474.jpg,mask_0474.png,14530.jpg,1480,1726,892.0,1024.0,438,259.55555555555554
407,0475.jpg,mask_0475.png,14580.jpg,1722,1855,1017.0,1105.0,433,256.59259259259255
408,0476.jpg,mask_0476.png,14611.jpg,1653,1757,974.0,1037.0,388,229.92592592592592
409,0477.jpg,mask_0477.png,14629.jpg,1624,1704,954.0,999.0,418,247.7037037037037
410,0478.jpg,mask_0478.png,14669.jpg,2022,1726,1200.0,1025.0,406,240.59259259259258
411,0479.jpg,mask_0479.png,14708.jpg,1604,1561,947.0,921.0,378,224.0
412,0480.jpg,mask_0480.png,14741.jpg,1736,1582,1023.0,933.0,384,227.55555555555554
413,0481.jpg,mask_0481.png,14765.jpg,1947,1760,1150.0,1054.0,426,252.44444444444443
414,0482.jpg,mask_0482.png,14806.jpg,1719,1707,1017.0,1007.0,391,231.7037037037037
415,0483.jpg,mask_0483.png,14829.jpg,1365,1957,818.0,1153.0,356,210.96296296296296
416,0484.jpg,mask_0484.png,14861.jpg,1445,1799,868.0,1074.0,428,253.62962962962962
417,0485.jpg,mask_0485.png,14897.jpg,1667,1862,974.0,1101.0,496,293.9259259259259
418,0486.jpg,mask_0486.png,14934.jpg,1691,1543,1001.0,922.0,433,256.59259259259255
419,0487.jpg,mask_0487.png,14959.jpg,1648,1574,972.0,940.0,347,205.62962962962962
420,0488.jpg,mask_0488.png,14980.jpg,1659,1667,988.0,984.0,416,246.5185185185185
421,0489.jpg,mask_0489.png,15006.jpg,1829,1959,1086.0,1162.0,342,202.66666666666666
422,0490.jpg,mask_0490.png,15031.jpg,1700,1672,1001.0,989.0,423,250.66666666666666
423,0491.jpg,mask_0491.png,15056.jpg,1573,1952,933.0,1150.0,504,298.66666666666663
424,0492.jpg,mask_0492.png,15095.jpg,1671,1846,990.0,1089.0,418,247.7037037037037
425,0493.jpg,mask_0493.png,15131.jpg,1861,1664,1105.0,986.0,396,234.66666666666666
426,0494.jpg,mask_0494.png,15193.jpg,2041,1706,1202.0,1019.0,457,270.8148148148148
427,0495.jpg,mask_0495.png,15219.jpg,1612,1546,954.0,917.0,381,225.77777777777777
428,0496.jpg,mask_0496.png,15258.jpg,1964,1913,1168.0,1129.0,360,213.33333333333331
429,0497.jpg,mask_0497.png,15288.jpg,1782,1578,1062.0,938.0,324,192.0
430,0498.jpg,mask_0498.png,15315.jpg,1529,1823,917.0,1084.0,396,234.66666666666666
431,0499.jpg,mask_0499.png,15367.jpg,1576,1704,947.0,1014.0,408,241.77777777777777
432,0500.jpg,mask_0500.png,15415.jpg,1734,1779,1026.0,1050.0,270,160.0
433,0501.jpg,mask_0501.png,15446.jpg,1228,1671,733.0,984.0,319,189.03703703703704
434,0502.jpg,mask_0502.png,15479.jpg,1805,1870,1072.0,1111.0,282,167.11111111111111
435,0503.jpg,mask_0503.png,15505.jpg,1673,1797,991.0,1064.0,297,176.0
436,0504.jpg,mask_0504.png,15527.jpg,1606,1539,957.0,906.0,385,228.14814814814812
437,0505.jpg,mask_0505.png,15558.jpg,1926,1838,1124.0,1096.0,402,238.2222222222222
438,0506.jpg,mask_0506.png,15598.jpg,1949,1728,1147.0,1023.0,349,206.8148148148148
439,0507.jpg,mask_0507.png,15624.jpg,1694,1728,1007.0,1023.0,344,203.85185185185185
440,0508.jpg,mask_0508.png,15647.jpg,2756,2236,1046.0,1238.0,1148,429.6608187134503
441,0509.jpg,mask_0509.png,15653.jpg,2913,2032,1118.0,1183.0,1300,729.8245614035087
442,0510.jpg,mask_0510.png,15663.jpg,2768,2552,1034.0,1428.0,1196,447.62573099415204
443,0511.jpg,mask_0511.png,15680.jpg,2588,1804,968.0,1033.0,1212,680.421052631579
444,0512.jpg,mask_0512.png,15689.jpg,2740,2152,1020.0,1198.0,1324,495.53216374269005
445,0513.jpg,mask_0513.png,15698.jpg,2676,2044,999.0,1147.0,1148,644.4912280701755
446,0514.jpg,mask_0514.png,15727.jpg,2180,1768,786.0,1002.0,1288,482.0584795321637
447,0515.jpg,mask_0515.png,15743.jpg,2627,2101,968.0,1207.0,1290,482.8070175438596
448,0516.jpg,mask_0516.png,15759.jpg,2188,2086,857.0,1201.0,1054,591.719298245614
449,0517.jpg,mask_0517.png,15773.jpg,2485,2195,909.0,1271.0,1144,642.2456140350877
450,0518.jpg,mask_0518.png,15796.jpg,2602,1942,960.0,1121.0,1292,483.55555555555554
451,0519.jpg,mask_0519.png,15839.jpg,2759,2261,1041.0,1273.0,1302,487.29824561403507
452,0520.jpg,mask_0520.png,15871.jpg,2539,2123,928.0,1222.0,1179,661.8947368421052
453,0521.jpg,mask_0521.png,15912.jpg,2348,1952,895.0,1107.0,1052,393.7309941520468
454,0522.jpg,mask_0522.png,15933.jpg,2900,2068,1085.0,1150.0,1056,592.8421052631579
455,0523.jpg,mask_0523.png,15960.jpg,2836,1688,1060.0,942.0,1284,720.8421052631578
456,0524.jpg,mask_0524.png,15995.jpg,2164,1972,810.0,1111.0,1180,441.6374269005848
457,0525.jpg,mask_0525.png,16042.jpg,3012,1932,1133.0,1079.0,1368,512.0
458,0526.jpg,mask_0526.png,16073.jpg,2520,2200,947.0,1265.0,1448,812.9122807017543
459,0527.jpg,mask_0527.png,16095.jpg,2320,1976,878.0,1124.0,1544,577.8713450292397
460,0528.jpg,mask_0528.png,16122.jpg,2996,2100,1120.0,1185.0,1328,745.5438596491227
461,0529.jpg,mask_0529.png,16157.jpg,2392,2268,859.0,1255.0,1332,498.52631578947364
462,0530.jpg,mask_0530.png,16184.jpg,2164,2304,818.0,1288.0,1180,662.4561403508771
463,0531.jpg,mask_0531.png,16203.jpg,2884,2260,1080.0,1257.0,820,460.3508771929824
464,0532.jpg,mask_0532.png,16228.jpg,2768,2052,1037.0,1159.0,1532,860.0701754385965
465,0533.jpg,mask_0533.png,16252.jpg,2692,2028,1011.0,1141.0,1248,700.6315789473683
466,0534.jpg,mask_0534.png,16275.jpg,2864,2020,1073.0,1145.0,1060,396.7251461988304
467,0535.jpg,mask_0535.png,16301.jpg,2912,1784,1090.0,1019.0,1304,732.0701754385965
468,0536.jpg,mask_0536.png,16319.jpg,2564,1840,959.0,1052.0,1716,963.3684210526316
469,0537.jpg,mask_0537.png,16339.jpg,2504,1828,961.0,1042.0,1392,520.9824561403509
470,0538.jpg,mask_0538.png,16369.jpg,2624,1820,980.0,1028.0,1052,393.7309941520468
471,0539.jpg,mask_0539.png,16378.jpg,2812,1908,1068.0,1080.0,1256,705.1228070175438
472,0540.jpg,mask_0540.png,16397.jpg,2728,1996,1028.0,1123.0,1012,568.140350877193
473,0541.jpg,mask_0541.png,16413.jpg,2684,2404,1010.0,1364.0,1168,655.719298245614
474,0542.jpg,mask_0542.png,16433.jpg,2760,1700,1027.0,990.0,1092,613.0526315789473
475,0543.jpg,mask_0543.png,16457.jpg,2656,1680,998.0,942.0,956,357.80116959064327
476,0544.jpg,mask_0544.png,16475.jpg,2828,1876,1051.0,1061.0,948,532.2105263157895
477,0545.jpg,mask_0545.png,16495.jpg,2740,1820,1033.0,1035.0,1184,664.7017543859649
478,0546.jpg,mask_0546.png,16514.jpg,2704,2120,1007.0,1199.0,940,527.719298245614
479,0547.jpg,mask_0547.png,16528.jpg,2364,2176,881.0,1230.0,1096,615.2982456140351
480,0548.jpg,mask_0548.png,16547.jpg,2804,2064,1048.0,1164.0,860,321.87134502923976
481,0549.jpg,mask_0549.png,16560.jpg,2896,2028,1093.0,1150.0,860,321.87134502923976
482,0550.jpg,mask_0550.png,16579.jpg,2716,1756,1030.0,990.0,984,552.421052631579
483,0551.jpg,mask_0551.png,16596.jpg,2744,2048,1039.0,1151.0,1032,386.24561403508767
484,0552.jpg,mask_0552.png,16618.jpg,2832,2048,1048.0,1139.0,1080,606.3157894736842
485,0553.jpg,mask_0553.png,16641.jpg,2756,2380,1058.0,1355.0,1092,408.7017543859649
486,0554.jpg,mask_0554.png,16659.jpg,2628,2472,980.0,1395.0,916,342.8304093567251
487,0555.jpg,mask_0555.png,16685.jpg,2348,2032,903.0,1150.0,1004,375.766081871345
488,0556.jpg,mask_0556.png,16714.jpg,2864,2264,1061.0,1290.0,1224,687.1578947368421
489,0557.jpg,mask_0557.png,16746.jpg,2396,1572,903.0,925.0,1052,590.5964912280701
490,0558.jpg,mask_0558.png,16774.jpg,2684,1680,980.0,939.0,1252,702.8771929824561
491,0559.jpg,mask_0559.png,16794.jpg,2932,2260,1102.0,1282.0,876,491.7894736842105
492,0560.jpg,mask_0560.png,16822.jpg,3216,1720,1187.0,944.0,1203,675.3684210526316
493,0561.jpg,mask_0561.png,16851.jpg,3480,1608,1309.0,882.0,1072,601.8245614035087
494,0562.jpg,mask_0562.png,16872.jpg,2712,2264,1012.0,1269.0,1152,646.7368421052631
495,0563.jpg,mask_0563.png,16905.jpg,2724,1860,1022.0,1053.0,1236,693.8947368421052
496,0564.jpg,mask_0564.png,16939.jpg,2144,2528,792.0,1434.0,1172,657.9649122807017
497,0565.jpg,mask_0565.png,16955.jpg,2564,2004,964.0,1149.0,1208,678.1754385964912
498,0566.jpg,mask_0566.png,16989.jpg,2936,1872,1094.0,1069.0,1132,635.5087719298245
499,0567.jpg,mask_0567.png,17016.jpg,2052,1860,767.0,1037.0,976,365.2865497076023
500,0568.jpg,mask_0568.png,17030.jpg,2712,2032,1014.0,1138.0,932,348.81871345029236
501,0569.jpg,mask_0569.png,17044.jpg,2912,1716,1087.0,965.0,904,507.50877192982455
502,0570.jpg,mask_0570.png,17065.jpg,2224,2072,831.0,1167.0,832,311.39181286549706
503,0571.jpg,mask_0571.png,17078.jpg,3040,1980,1131.0,1106.0,1088,610.8070175438596
504,0572.jpg,mask_0572.png,17097.jpg,2392,2008,895.0,1106.0,964,541.1929824561403
505,0573.jpg,mask_0573.png,17110.jpg,2740,2060,1018.0,1171.0,1028,577.1228070175438
506,0574.jpg,mask_0574.png,17126.jpg,2288,1964,868.0,1103.0,924,345.82456140350877
507,0575.jpg,mask_0575.png,17163.jpg,2372,1648,881.0,936.0,968,543.438596491228
508,0576.jpg,mask_0576.png,17188.jpg,2064,1520,779.0,843.0,984,552.421052631579
509,0577.jpg,mask_0577.png,17219.jpg,2312,1700,860.0,969.0,888,332.35087719298247
510,0578.jpg,mask_0578.png,17244.jpg,2692,1596,1010.0,887.0,968,362.29239766081866
511,0579.jpg,mask_0579.png,17269.jpg,2872,1736,1078.0,980.0,1120,628.7719298245613
512,0580.jpg,mask_0580.png,17285.jpg,3256,1960,1226.0,1097.0,928,347.32163742690057
513,0581.jpg,mask_0581.png,17304.jpg,2728,2020,1020.0,1135.0,904,507.50877192982455
514,0582.jpg,mask_0582.png,17321.jpg,2360,1828,885.0,1022.0,1040,583.859649122807
515,0583.jpg,mask_0583.png,17340.jpg,2828,1460,1062.0,824.0,924,345.82456140350877
516,0584.jpg,mask_0584.png,17360.jpg,2412,2012,909.0,1122.0,844,473.82456140350877
517,0585.jpg,mask_0585.png,17372.jpg,2488,2164,937.0,1206.0,804,300.91228070175436
518,0586.jpg,mask_0586.png,17390.jpg,2756,2388,1033.0,1335.0,844,473.82456140350877
519,0587.jpg,mask_0587.png,17403.jpg,2440,2292,907.0,1287.0,996,559.1578947368421
520,0588.jpg,mask_0588.png,17440.jpg,2664,2352,978.0,1307.0,1204,450.61988304093563
521,0589.jpg,mask_0589.png,17455.jpg,2768,2016,1043.0,1134.0,1108,414.6900584795321
522,0590.jpg,mask_0590.png,17493.jpg,2552,1916,959.0,1074.0,964,541.1929824561403
523,0591.jpg,mask_0591.png,17512.jpg,2828,2364,1056.0,1345.0,1200,673.6842105263157
524,0592.jpg,mask_0592.png,17536.jpg,2660,2000,996.0,1126.0,1044,586.1052631578947
525,0593.jpg,mask_0593.png,17552.jpg,2696,2240,1001.0,1265.0,960,538.9473684210526
526,0594.jpg,mask_0594.png,17563.jpg,2884,1736,1077.0,969.0,844,473.82456140350877
527,0595.jpg,mask_0595.png,17592.jpg,2660,1760,995.0,1003.0,900,336.84210526315786
528,0596.jpg,mask_0596.png,17612.jpg,2468,1952,924.0,1097.0,1040,583.859649122807
529,0597.jpg,mask_0597.png,17631.jpg,2652,1672,995.0,934.0,896,503.0175438596491
530,0598.jpg,mask_0598.png,17643.jpg,2832,1720,1070.0,993.0,1288,723.0877192982456
531,0599.jpg,mask_0599.png,17672.jpg,2540,2044,940.0,1157.0,1076,402.7134502923976
532,0600.jpg,mask_0600.png,17693.jpg,2484,1884,924.0,1051.0,1120,419.1812865497076
533,0601.jpg,mask_0601.png,17730.jpg,2928,1988,1095.0,1112.0,900,336.84210526315786
534,0602.jpg,mask_0602.png,17758.jpg,2764,1972,1038.0,1113.0,1292,725.3333333333333
535,0603.jpg,mask_0603.png,17780.jpg,2592,1712,960.0,976.0,1236,693.8947368421052
536,0604.jpg,mask_0604.png,17793.jpg,2680,2264,992.0,1263.0,1240,696.140350877193
537,0605.jpg,mask_0605.png,17820.jpg,2892,2428,1095.0,1372.0,1320,741.0526315789473
538,0606.jpg,mask_0606.png,17850.jpg,2604,2328,969.0,1294.0,1052,393.7309941520468
539,0607.jpg,mask_0607.png,17869.jpg,2884,2064,1096.0,1150.0,1068,599.578947368421
540,0608.jpg,mask_0608.png,17892.jpg,2641,1879,987.0,1056.0,183,102.73684210526315
541,0609.jpg,mask_0609.png,17956.jpg,2812,1792,1052.0,1012.0,468,262.7368421052631
542,0610.jpg,mask_0610.png,17998.jpg,2852,1688,1046.0,999.0,1392,781.4736842105262
543,0611.jpg,mask_0611.png,18022.jpg,2801,1942,1048.0,1093.0,184,103.29824561403508
544,0612.jpg,mask_0612.png,18137.jpg,2795,2000,1050.0,1124.0,418,234.66666666666666
545,0613.jpg,mask_0613.png,18178.jpg,2628,2156,994.0,1234.0,1376,772.4912280701753
546,0614.jpg,mask_0614.png,18200.jpg,2711,1884,1014.0,1055.0,136,76.35087719298245
547,0615.jpg,mask_0615.png,18255.jpg,2720,1921,1019.0,1077.0,369,207.15789473684208
548,0616.jpg,mask_0616.png,18321.jpg,2852,2024,1073.0,1127.0,1084,608.561403508772
549,0617.jpg,mask_0617.png,18345.jpg,2698,1953,1009.0,1097.0,156,58.3859649122807
550,0618.jpg,mask_0618.png,18417.jpg,2668,1875,998.0,1060.0,434,162.43274853801168
551,0619.jpg,mask_0619.png,18472.jpg,2912,2168,1089.0,1250.0,1332,498.52631578947364
552,0620.jpg,mask_0620.png,18495.jpg,2629,1873,985.0,1049.0,175,65.49707602339181
553,0621.jpg,mask_0621.png,18529.jpg,2796,1884,1044.0,1053.0,452,169.16959064327483
554,0622.jpg,mask_0622.png,18593.jpg,2676,1964,986.0,1096.0,1454,544.187134502924
555,0623.jpg,mask_0623.png,18662.jpg,2568,2041,960.0,1145.0,207,77.47368421052632
556,0624.jpg,mask_0624.png,18735.jpg,2476,1924,928.0,1080.0,568,212.58479532163742
557,0625.jpg,mask_0625.png,18869.jpg,2696,2016,1024.0,1129.0,1704,637.7543859649122
558,0626.jpg,mask_0626.png,18893.jpg,2659,1896,992.0,1064.0,173,64.7485380116959
559,0627.jpg,mask_0627.png,18947.jpg,2636,2128,983.0,1193.0,460,172.16374269005848
560,0628.jpg,mask_0628.png,19067.jpg,2588,2176,952.0,1237.0,1396,522.4795321637426
561,0629.jpg,mask_0629.png,19177.jpg,2688,1821,1005.0,1025.0,160,89.82456140350877
562,0630.jpg,mask_0630.png,19222.jpg,2664,1856,996.0,1042.0,436,244.7719298245614
563,0631.jpg,mask_0631.png,19258.jpg,2596,1884,969.0,1093.0,1276,716.3508771929825
564,0632.jpg,mask_0632.png,19338.jpg,2606,1362,1112.0,1003.0,317,217.2744310575636
565,0634.jpg,mask_0634.png,19408.jpg,2544,1347,1121.0,983.0,383,262.5113788487282
566,0635.jpg,mask_0635.png,19463.jpg,2538,1332,1129.0,977.0,322,124.14457831325302
567,0636.jpg,mask_0636.png,19487.jpg,2628,1544,992.0,1019.0,396,271.4216867469879
568,0637.jpg,mask_0637.png,19515.jpg,2680,1648,1031.0,1134.0,500,342.7041499330656
569,0638.jpg,mask_0638.png,19543.jpg,2293,1391,1092.0,882.0,438,300.20883534136544
570,0639.jpg,mask_0639.png,19595.jpg,2873,1534,986.0,1106.0,383,147.66265060240966
571,0640.jpg,mask_0640.png,19618.jpg,2582,1461,1043.0,997.0,348,134.1686746987952
572,0641.jpg,mask_0641.png,19632.jpg,2572,1547,981.0,991.0,346,237.15127175368139
573,0642.jpg,mask_0642.png,19654.jpg,2600,1347,1000.0,929.0,295,202.1954484605087
574,0643.jpg,mask_0643.png,19679.jpg,2554,1245,983.0,858.0,267,183.00401606425703
575,0644.jpg,mask_0644.png,19703.jpg,2634,1392,1014.0,960.0,313,214.53279785809906
576,0645.jpg,mask_0645.png,19726.jpg,2129,1648,815.0,1125.0,276,106.40963855421687
577,0646.jpg,mask_0646.png,19749.jpg,2972,1463,1142.0,1004.0,270,185.06024096385542
578,0647.jpg,mask_0647.png,19769.jpg,2615,1517,1017.0,1046.0,402,275.53413654618475
579,0648.jpg,mask_0648.png,19833.jpg,2570,1508,997.0,1048.0,396,152.67469879518072
580,0649.jpg,mask_0649.png,19871.jpg,2402,1352,935.0,939.0,431,295.4109772423025
581,0650.jpg,mask_0650.png,19908.jpg,2387,1212,920.0,834.0,246,168.61044176706827
582,0651.jpg,mask_0651.png,19932.jpg,2434,1369,943.0,956.0,394,270.0508701472557
583,0652.jpg,mask_0652.png,19978.jpg,2415,1538,928.0,1048.0,304,117.20481927710844
584,0653.jpg,mask_0653.png,20019.jpg,2524,1393,971.0,964.0,368,252.23025435073626
585,0654.jpg,mask_0654.png,20064.jpg,2712,1338,1043.0,922.0,292,200.1392235609103
586,0655.jpg,mask_0655.png,20092.jpg,2657,1501,1023.0,1034.0,210,143.93574297188755
587,0656.jpg,mask_0656.png,20152.jpg,2643,1401,1016.0,968.0,261,100.62650602409639
588,0657.jpg,mask_0657.png,20293.jpg,2398,1514,926.0,1042.0,372,254.9718875502008
589,0658.jpg,mask_0658.png,20332.jpg,2534,1574,980.0,1075.0,292,200.1392235609103
590,0659.jpg,mask_0659.png,20426.jpg,2534,1411,979.0,972.0,334,228.92637215528782
591,0660.jpg,mask_0660.png,20490.jpg,2875,1459,1107.0,995.0,358,245.37617135207495
592,0661.jpg,mask_0661.png,20545.jpg,2480,1519,961.0,1047.0,388,265.9384203480589
593,0662.jpg,mask_0662.png,20597.jpg,2647,1312,1018.0,905.0,314,215.2182061579652
594,0663.jpg,mask_0663.png,20630.jpg,2379,1368,918.0,944.0,361,247.43239625167334
595,0664.jpg,mask_0664.png,20692.jpg,2456,1360,950.0,936.0,298,204.25167336010708
596,0665.jpg,mask_0665.png,20719.jpg,2318,1618,896.0,1112.0,305,209.04953145917
597,0666.jpg,mask_0666.png,20787.jpg,2354,1298,1158.0,909.0,259,99.855421686747
598,0667.jpg,mask_0667.png,20836.jpg,2603,1483,1031.0,1008.0,290,198.76840696117804
599,0668.jpg,mask_0668.png,20854.jpg,2545,1383,1103.0,978.0,412,158.84337349397592
600,0669.jpg,mask_0669.png,20879.jpg,2570,1458,1045.0,993.0,250,96.3855421686747
601,0670.jpg,mask_0670.png,20915.jpg,2602,1287,1155.0,1005.0,295,202.1954484605087
602,0671.jpg,mask_0671.png,21011.jpg,2563,1574,971.0,991.0,315,215.9036144578313
603,0672.jpg,mask_0672.png,21064.jpg,2472,1391,1088.0,957.0,323,221.38688085676037
604,0673.jpg,mask_0673.png,21107.jpg,2411,1490,1015.0,935.0,401,154.60240963855424
605,0674.jpg,mask_0674.png,21136.jpg,2348,1433,1065.0,912.0,362,139.56626506024097
606,0675.jpg,mask_0675.png,21165.jpg,2780,1781,854.0,1073.0,437,168.4819277108434
607,0676.jpg,mask_0676.png,21187.jpg,2463,1389,1087.0,957.0,413,283.0736278447122
608,0677.jpg,mask_0677.png,21224.jpg,2624,1742,855.0,1010.0,455,175.42168674698797
609,0678.jpg,mask_0678.png,21267.jpg,3040,1484,1169.0,1014.0,341,233.72423025435072
610,0679.jpg,mask_0679.png,21296.jpg,2445,1394,945.0,970.0,295,202.1954484605087
611,0680.jpg,mask_0680.png,21350.jpg,2773,1488,1077.0,1042.0,518,355.04149933065594
612,0681.jpg,mask_0681.png,21406.jpg,2683,1552,1032.0,1036.0,456,175.80722891566265
613,0682.jpg,mask_0682.png,21472.jpg,2635,1284,1020.0,888.0,397,153.06024096385542
614,0683.jpg,mask_0683.png,21544.jpg,2652,1392,1017.0,966.0,418,161.1566265060241
615,0684.jpg,mask_0684.png,21577.jpg,2723,1327,1091.0,1043.0,350,134.93975903614458
616,0685.jpg,mask_0685.png,21593.jpg,2596,1653,935.0,1007.0,331,226.8701472556894
617,0686.jpg,mask_0686.png,21622.jpg,2487,1574,987.0,967.0,416,285.12985274431054
618,0687.jpg,mask_0687.png,21644.jpg,2378,1367,1111.0,935.0,385,263.8821954484605
619,0688.jpg,mask_0688.png,21675.jpg,2542,1314,1174.0,978.0,475,325.5689424364123
620,0689.jpg,mask_0689.png,21712.jpg,2564,1183,1212.0,983.0,462,178.12048192771084
621,0690.jpg,mask_0690.png,21758.jpg,2739,1146,1246.0,1056.0,387,265.2530120481928
622,0691.jpg,mask_0691.png,21799.jpg,2737,1172,1220.0,1057.0,458,176.57831325301206
623,0692.jpg,mask_0692.png,21834.jpg,2651,1482,1005.0,1033.0,345,133.0120481927711
624,0693.jpg,mask_0693.png,21851.jpg,2684,1716,896.0,1020.0,376,257.7135207496653
625,0694.jpg,mask_0694.png,21909.jpg,2830,1228,1161.0,1086.0,397,272.10709504685406
626,0695.jpg,mask_0695.png,21969.jpg,2621,1669,914.0,1017.0,338,231.66800535475232
627,0696.jpg,mask_0696.png,22001.jpg,2605,1436,1061.0,1002.0,336,230.29718875502007
628,0697.jpg,mask_0697.png,22026.jpg,2622,1670,910.0,1007.0,269,103.71084337349399
629,0698.jpg,mask_0698.png,22045.jpg,2855,1547,943.0,1106.0,407,156.91566265060243
630,0700.jpg,mask_0700.png,22113.jpg,2587,1271,1181.0,1014.0,375,257.0281124497992
631,0701.jpg,mask_0701.png,22168.jpg,2739,1636,1042.0,1111.0,455,311.8607764390897
632,0702.jpg,mask_0702.png,22200.jpg,2321,1227,904.0,868.0,473,324.19812583668005
633,0703.jpg,mask_0703.png,22283.jpg,2485,1283,1119.0,979.0,405,156.14457831325302
634,0704.jpg,mask_0704.png,22353.jpg,2638,1614,954.0,1033.0,429,294.04016064257024
635,0705.jpg,mask_0705.png,22398.jpg,2674,1721,895.0,1026.0,423,163.0843373493976
636,0706.jpg,mask_0706.png,22465.jpg,2804,1338,1106.0,1107.0,448,172.72289156626508
637,0707.jpg,mask_0707.png,22514.jpg,2703,1820,867.0,1038.0,490,335.85006693440425
638,0708.jpg,mask_0708.png,22562.jpg,2698,1463,1077.0,1032.0,473,182.36144578313255
639,0709.jpg,mask_0709.png,22629.jpg,2576,1362,1117.0,990.0,523,358.4685408299866
640,0710.jpg,mask_0710.png,22682.jpg,2740,1473,1041.0,1070.0,443,303.6358768406961
641,0711.jpg,mask_0711.png,22727.jpg,2627,1426,1010.0,973.0,172,117.89022757697457
642,0712.jpg,mask_0712.png,22779.jpg,2571,1433,1054.0,992.0,262,179.57697456492636
643,0713.jpg,mask_0713.png,22828.jpg,2735,1613,1050.0,1093.0,309,119.13253012048193
644,0714.jpg,mask_0714.png,22854.jpg,2828,1653,1077.0,1130.0,367,141.49397590361446
645,0715.jpg,mask_0715.png,22886.jpg,2501,1498,1014.0,974.0,508,348.18741633199465
646,0716.jpg,mask_0716.png,22928.jpg,2832,1520,1001.0,1096.0,345,236.46586345381525
647,0717.jpg,mask_0717.png,22967.jpg,2462,1578,977.0,959.0,388,265.9384203480589
648,0718.jpg,mask_0718.png,23012.jpg,2539,1535,993.0,987.0,406,278.27576974564926
649,0719.jpg,mask_0719.png,23024.jpg,2492,1348,1124.0,960.0,312,213.84738955823292
650,0720.jpg,mask_0720.png,23080.jpg,2455,1314,1135.0,954.0,434,167.32530120481928
651,0721.jpg,mask_0721.png,23110.jpg,2768,1267,1147.0,1064.0,448,307.0629183400268
652,0722.jpg,mask_0722.png,23143.jpg,2451,1157,1256.0,958.0,453,310.4899598393574
653,0723.jpg,mask_0723.png,23180.jpg,2786,1383,1081.0,1081.0,524,359.1539491298527
654,0724.jpg,mask_0724.png,23249.jpg,2558,1506,1050.0,986.0,605,414.67202141900935
655,0725.jpg,mask_0725.png,23298.jpg,2431,1206,1189.0,964.0,618,423.58232931726906
656,0726.jpg,mask_0726.png,23322.jpg,2659,1665,895.0,1010.0,504,345.4457831325301
657,0727.jpg,mask_0727.png,23361.jpg,2523,1300,1153.0,965.0,444,304.3212851405622
658,0728.jpg,mask_0728.png,23386.jpg,2755,1553,992.0,1067.0,501,343.38955823293173
659,0729.jpg,mask_0729.png,23414.jpg,2705,1275,1162.0,1053.0,397,272.10709504685406
660,0730.jpg,mask_0730.png,23480.jpg,2584,1630,936.0,1001.0,405,277.5903614457831
661,0731.jpg,mask_0731.png,23530.jpg,2590,1317,1126.0,993.0,450,308.433734939759
662,0732.jpg,mask_0732.png,23587.jpg,2325,1272,1181.0,906.0,501,343.38955823293173
663,0733.jpg,mask_0733.png,23652.jpg,2736,1495,1016.0,1055.0,422,289.2423025435074
664,0734.jpg,mask_0734.png,23705.jpg,2715,1579,959.0,1055.0,430,294.7255689424364
665,0735.jpg,mask_0735.png,23740.jpg,2462,1454,951.0,1012.0,417,285.8152610441767
666,0736.jpg,mask_0736.png,23771.jpg,2953,1512,1132.0,1030.0,310,119.51807228915663
667,0737.jpg,mask_0737.png,23796.jpg,2525,1535,974.0,1069.0,441,302.26506024096386
668,0738.jpg,mask_0738.png,23829.jpg,2888,1592,1107.0,1092.0,326,125.6867469879518
669,0739.jpg,mask_0739.png,23849.jpg,2485,1163,961.0,817.0,486,333.10843373493975
670,0740.jpg,mask_0740.png,23875.jpg,2714,1261,1167.0,1045.0,448,307.0629183400268
671,0741.jpg,mask_0741.png,23917.jpg,2627,1483,1022.0,1005.0,320,219.33065595716198
672,0742.jpg,mask_0742.png,23930.jpg,2513,1593,959.0,969.0,300,205.62248995983936
673,0743.jpg,mask_0743.png,23973.jpg,2650,1325,1115.0,1019.0,474,324.8835341365462
674,0744.jpg,mask_0744.png,24054.jpg,2576,1346,1099.0,991.0,418,161.1566265060241
675,0745.jpg,mask_0745.png,24093.jpg,2767,1644,1064.0,1127.0,230,157.64390896921017
676,0746.jpg,mask_0746.png,24121.jpg,3123,1494,1203.0,1025.0,90,34.6987951807229
677,0747.jpg,mask_0747.png,24146.jpg,3066,1392,1181.0,955.0,171,65.9277108433735
678,0748.jpg,mask_0748.png,24172.jpg,2939,1495,1131.0,1023.0,82,31.614457831325304
679,0749.jpg,mask_0749.png,24271.jpg,2971,1559,1143.0,1066.0,193,74.40963855421687
680,0750.jpg,mask_0750.png,24346.jpg,3247,1531,1251.0,1048.0,176,67.855421686747
681,0752.jpg,mask_0752.png,24591.jpg,2984,1676,1151.0,1152.0,284,109.49397590361447
682,0754.jpg,mask_0754.png,24741.jpg,2706,1549,1043.0,1062.0,225,154.2168674698795
683,0756.jpg,mask_0756.png,24961.jpg,2792,1581,1080.0,1085.0,255,98.3132530120482
684,0758.jpg,mask_0758.png,25149.jpg,3152,1528,1216.0,1049.0,308,211.1057563587684
685,0759.jpg,mask_0759.png,25223.jpg,2639,1540,992.0,1016.0,140,95.95716198125837
686,0760.jpg,mask_0760.png,25301.jpg,2715,1841,787.0,1049.0,372,143.42168674698797
687,0762.jpg,mask_0762.png,25437.jpg,2854,1434,1065.0,1100.0,271,185.74564926372153
688,0763.jpg,mask_0763.png,25508.jpg,2830,1406,1087.0,1093.0,404,276.904953145917
689,0764.jpg,mask_0764.png,25556.jpg,2393,1305,1152.0,921.0,131,50.506024096385545
690,0765.jpg,mask_0765.png,25604.jpg,2257,1085,1303.0,869.0,208,80.19277108433735
691,0766.jpg,mask_0766.png,25706.jpg,2334,1123,1278.0,898.0,351,135.32530120481928
692,0768.jpg,mask_0768.png,25782.jpg,2436,1252,1185.0,936.0,320,219.33065595716198
693,0769.jpg,mask_0769.png,25823.jpg,2512,1292,1154.0,958.0,520,356.4123159303882
694,0770.jpg,mask_0770.png,25871.jpg,2842,1371,1111.0,1097.0,207,141.87951807228916
695,0771.jpg,mask_0771.png,25974.jpg,2956,1420,1080.0,1142.0,436,298.83801874163316
696,0772.jpg,mask_0772.png,26011.jpg,2357,1456,1049.0,909.0,199,76.72289156626506
697,0773.jpg,mask_0773.png,26039.jpg,2778,1321,1142.0,1071.0,378,145.73493975903617
