,model_name,threshold_pw,iou_threshold,precision,recall,F1
0,8s,0.1,0.0,0.43573667711598746,0.9928571428571429,0.6056644880174292
1,8s,0.1,0.1,0.4263803680981595,0.9928571428571429,0.5965665236051502
2,8s,0.1,0.2,0.4233128834355828,0.9857142857142858,0.592274678111588
3,8s,0.1,0.3,0.4171779141104294,0.9714285714285714,0.5836909871244635
4,8s,0.1,0.4,0.4110429447852761,0.9571428571428572,0.5751072961373391
5,8s,0.1,0.5,0.39570552147239263,0.9214285714285714,0.5536480686695279
6,8s,0.1,0.6,0.37116564417177916,0.8642857142857143,0.5193133047210301
7,8s,0.1,0.7,0.3159509202453988,0.7357142857142858,0.4420600858369099
8,8s,0.1,0.8,0.18098159509202455,0.42142857142857143,0.2532188841201717
9,8s,0.1,0.9,0.009202453987730062,0.02142857142857143,0.012875536480686695
10,8s,0.2,0.0,0.6405529953917051,0.9928571428571429,0.7787114845938375
11,8s,0.2,0.1,0.6205357142857143,0.9928571428571429,0.7637362637362637
12,8s,0.2,0.2,0.6205357142857143,0.9928571428571429,0.7637362637362637
13,8s,0.2,0.3,0.6116071428571429,0.9785714285714285,0.7527472527472528
14,8s,0.2,0.4,0.5982142857142857,0.9571428571428572,0.7362637362637362
15,8s,0.2,0.5,0.59375,0.95,0.7307692307692308
16,8s,0.2,0.6,0.5669642857142857,0.9071428571428571,0.6978021978021979
17,8s,0.2,0.7,0.5178571428571429,0.8285714285714286,0.6373626373626374
18,8s,0.2,0.8,0.3794642857142857,0.6071428571428571,0.467032967032967
19,8s,0.2,0.9,0.05357142857142857,0.08571428571428572,0.06593406593406592
20,8s,0.3,0.0,0.6881188118811881,0.9928571428571429,0.8128654970760234
21,8s,0.3,0.1,0.6540284360189573,0.9857142857142858,0.7863247863247864
22,8s,0.3,0.2,0.6540284360189573,0.9857142857142858,0.7863247863247864
23,8s,0.3,0.3,0.6492890995260664,0.9785714285714285,0.7806267806267807
24,8s,0.3,0.4,0.6350710900473934,0.9571428571428572,0.7635327635327636
25,8s,0.3,0.5,0.6303317535545023,0.95,0.7578347578347578
26,8s,0.3,0.6,0.6113744075829384,0.9214285714285714,0.735042735042735
27,8s,0.3,0.7,0.5592417061611374,0.8428571428571429,0.6723646723646725
28,8s,0.3,0.8,0.46445497630331756,0.7,0.5584045584045584
29,8s,0.3,0.9,0.11848341232227488,0.17857142857142858,0.14245014245014243
30,8s,0.4,0.0,0.7393617021276596,0.9928571428571429,0.8475609756097561
31,8s,0.4,0.1,0.7301587301587301,0.9857142857142858,0.8389057750759878
32,8s,0.4,0.2,0.7301587301587301,0.9857142857142858,0.8389057750759878
33,8s,0.4,0.3,0.7248677248677249,0.9785714285714285,0.8328267477203648
34,8s,0.4,0.4,0.7037037037037037,0.95,0.8085106382978724
35,8s,0.4,0.5,0.6931216931216931,0.9357142857142857,0.7963525835866261
36,8s,0.4,0.6,0.6878306878306878,0.9285714285714286,0.790273556231003
37,8s,0.4,0.7,0.6507936507936508,0.8785714285714286,0.7477203647416415
38,8s,0.4,0.8,0.5502645502645502,0.7428571428571429,0.6322188449848024
39,8s,0.4,0.9,0.19576719576719576,0.2642857142857143,0.22492401215805471
40,8s,0.5,0.0,0.7540983606557377,0.9857142857142858,0.8544891640866873
41,8s,0.5,0.1,0.7419354838709677,0.9857142857142858,0.8466257668711656
42,8s,0.5,0.2,0.7419354838709677,0.9857142857142858,0.8466257668711656
43,8s,0.5,0.3,0.7365591397849462,0.9785714285714285,0.8404907975460123
44,8s,0.5,0.4,0.7150537634408602,0.95,0.8159509202453988
45,8s,0.5,0.5,0.7043010752688172,0.9357142857142857,0.803680981595092
46,8s,0.5,0.6,0.6881720430107527,0.9142857142857143,0.7852760736196318
47,8s,0.5,0.7,0.6451612903225806,0.8571428571428571,0.7361963190184049
48,8s,0.5,0.8,0.5591397849462365,0.7428571428571429,0.6380368098159509
49,8s,0.5,0.9,0.1989247311827957,0.2642857142857143,0.22699386503067484
50,8s,0.6,0.0,0.8117647058823529,0.9857142857142858,0.8903225806451613
51,8s,0.6,0.1,0.7740112994350282,0.9785714285714285,0.8643533123028392
52,8s,0.6,0.2,0.7740112994350282,0.9785714285714285,0.8643533123028392
53,8s,0.6,0.3,0.7627118644067796,0.9642857142857143,0.8517350157728707
54,8s,0.6,0.4,0.751412429378531,0.95,0.8391167192429023
55,8s,0.6,0.5,0.7344632768361582,0.9285714285714286,0.8201892744479495
56,8s,0.6,0.6,0.7062146892655368,0.8928571428571429,0.7886435331230285
57,8s,0.6,0.7,0.6779661016949152,0.8571428571428571,0.7570977917981072
58,8s,0.6,0.8,0.5649717514124294,0.7142857142857143,0.6309148264984227
59,8s,0.6,0.9,0.1977401129943503,0.25,0.22082018927444796
60,8s,0.7,0.0,0.8404907975460123,0.9785714285714285,0.9042904290429042
61,8s,0.7,0.1,0.7965116279069767,0.9785714285714285,0.8782051282051282
62,8s,0.7,0.2,0.7965116279069767,0.9785714285714285,0.8782051282051282
63,8s,0.7,0.3,0.7790697674418605,0.9571428571428572,0.858974358974359
64,8s,0.7,0.4,0.7790697674418605,0.9571428571428572,0.858974358974359
65,8s,0.7,0.5,0.7441860465116279,0.9142857142857143,0.8205128205128205
66,8s,0.7,0.6,0.7151162790697675,0.8785714285714286,0.7884615384615385
67,8s,0.7,0.7,0.6569767441860465,0.8071428571428572,0.7243589743589743
68,8s,0.7,0.8,0.5174418604651163,0.6357142857142857,0.5705128205128205
69,8s,0.7,0.9,0.1511627906976744,0.18571428571428572,0.16666666666666666
70,8s,0.8,0.0,0.845679012345679,0.9785714285714285,0.9072847682119205
71,8s,0.8,0.1,0.7828571428571428,0.9785714285714285,0.8698412698412699
72,8s,0.8,0.2,0.7657142857142857,0.9571428571428572,0.8507936507936509
73,8s,0.8,0.3,0.76,0.95,0.8444444444444444
74,8s,0.8,0.4,0.7428571428571429,0.9285714285714286,0.8253968253968255
75,8s,0.8,0.5,0.7142857142857143,0.8928571428571429,0.7936507936507937
76,8s,0.8,0.6,0.6857142857142857,0.8571428571428571,0.7619047619047619
77,8s,0.8,0.7,0.5885714285714285,0.7357142857142858,0.653968253968254
78,8s,0.8,0.8,0.38857142857142857,0.4857142857142857,0.4317460317460317
79,8s,0.8,0.9,0.08,0.1,0.08888888888888889
80,8s,0.9,0.0,0.9006622516556292,0.9714285714285714,0.9347079037800687
81,8s,0.9,0.1,0.7987804878048781,0.9357142857142857,0.861842105263158
82,8s,0.9,0.2,0.7865853658536586,0.9214285714285714,0.8486842105263158
83,8s,0.9,0.3,0.7682926829268293,0.9,0.8289473684210527
84,8s,0.9,0.4,0.7439024390243902,0.8714285714285714,0.8026315789473685
85,8s,0.9,0.5,0.7012195121951219,0.8214285714285714,0.756578947368421
86,8s,0.9,0.6,0.6097560975609756,0.7142857142857143,0.6578947368421052
87,8s,0.9,0.7,0.43902439024390244,0.5142857142857142,0.4736842105263158
88,8s,0.9,0.8,0.25609756097560976,0.3,0.2763157894736842
89,8s,0.9,0.9,0.024390243902439025,0.02857142857142857,0.02631578947368421
90,16s,0.1,0.0,0.7128205128205128,0.9928571428571429,0.8298507462686566
91,16s,0.1,0.1,0.6650485436893204,0.9785714285714285,0.791907514450867
92,16s,0.1,0.2,0.6521739130434783,0.9642857142857143,0.7780979827089338
93,16s,0.1,0.3,0.642512077294686,0.95,0.7665706051873199
94,16s,0.1,0.4,0.6376811594202898,0.9428571428571428,0.7608069164265129
95,16s,0.1,0.5,0.6183574879227053,0.9142857142857143,0.7377521613832853
96,16s,0.1,0.6,0.5603864734299517,0.8285714285714286,0.6685878962536025
97,16s,0.1,0.7,0.4492753623188406,0.6642857142857143,0.5360230547550431
98,16s,0.1,0.8,0.24154589371980675,0.35714285714285715,0.2881844380403458
99,16s,0.1,0.9,0.004830917874396135,0.007142857142857143,0.005763688760806916
100,16s,0.2,0.0,0.8214285714285714,0.9857142857142858,0.8961038961038961
101,16s,0.2,0.1,0.7613636363636364,0.9571428571428572,0.8481012658227849
102,16s,0.2,0.2,0.751412429378531,0.95,0.8391167192429023
103,16s,0.2,0.3,0.7401129943502824,0.9357142857142857,0.8264984227129337
104,16s,0.2,0.4,0.7344632768361582,0.9285714285714286,0.8201892744479495
105,16s,0.2,0.5,0.7231638418079096,0.9142857142857143,0.807570977917981
106,16s,0.2,0.6,0.6949152542372882,0.8785714285714286,0.77602523659306
107,16s,0.2,0.7,0.6101694915254238,0.7714285714285715,0.6813880126182965
108,16s,0.2,0.8,0.4124293785310734,0.5214285714285715,0.46056782334384855
109,16s,0.2,0.9,0.022598870056497175,0.02857142857142857,0.025236593059936908
110,16s,0.3,0.0,0.8726114649681529,0.9785714285714285,0.9225589225589225
111,16s,0.3,0.1,0.825,0.9428571428571428,0.88
112,16s,0.3,0.2,0.8198757763975155,0.9428571428571428,0.8770764119601329
113,16s,0.3,0.3,0.8074534161490683,0.9285714285714286,0.8637873754152824
114,16s,0.3,0.4,0.7950310559006211,0.9142857142857143,0.8504983388704318
115,16s,0.3,0.5,0.782608695652174,0.9,0.8372093023255814
116,16s,0.3,0.6,0.7701863354037267,0.8857142857142857,0.8239202657807309
117,16s,0.3,0.7,0.6832298136645962,0.7857142857142857,0.7308970099667773
118,16s,0.3,0.8,0.5341614906832298,0.6142857142857143,0.5714285714285715
119,16s,0.3,0.9,0.06832298136645963,0.07857142857142857,0.07308970099667773
120,16s,0.4,0.0,0.8701298701298701,0.9571428571428572,0.9115646258503401
121,16s,0.4,0.1,0.8506493506493507,0.9357142857142857,0.891156462585034
122,16s,0.4,0.2,0.8451612903225807,0.9357142857142857,0.8881355932203391
123,16s,0.4,0.3,0.832258064516129,0.9214285714285714,0.8745762711864405
124,16s,0.4,0.4,0.8129032258064516,0.9,0.8542372881355932
125,16s,0.4,0.5,0.8064516129032258,0.8928571428571429,0.8474576271186439
126,16s,0.4,0.6,0.7870967741935484,0.8714285714285714,0.8271186440677966
127,16s,0.4,0.7,0.7032258064516129,0.7785714285714286,0.7389830508474576
128,16s,0.4,0.8,0.5806451612903226,0.6428571428571429,0.6101694915254238
129,16s,0.4,0.9,0.15483870967741936,0.17142857142857143,0.16271186440677965
130,16s,0.5,0.0,0.910958904109589,0.95,0.93006993006993
131,16s,0.5,0.1,0.8783783783783784,0.9285714285714286,0.9027777777777779
132,16s,0.5,0.2,0.8590604026845637,0.9142857142857143,0.8858131487889274
133,16s,0.5,0.3,0.8523489932885906,0.9071428571428571,0.8788927335640139
134,16s,0.5,0.4,0.8456375838926175,0.9,0.8719723183391003
135,16s,0.5,0.5,0.8389261744966443,0.8928571428571429,0.8650519031141869
136,16s,0.5,0.6,0.8053691275167785,0.8571428571428571,0.8304498269896193
137,16s,0.5,0.7,0.7583892617449665,0.8071428571428572,0.7820069204152248
138,16s,0.5,0.8,0.6040268456375839,0.6428571428571429,0.6228373702422145
139,16s,0.5,0.9,0.18791946308724833,0.2,0.19377162629757785
140,16s,0.6,0.0,0.9562043795620438,0.9357142857142857,0.9458483754512635
141,16s,0.6,0.1,0.9214285714285714,0.9214285714285714,0.9214285714285714
142,16s,0.6,0.2,0.9071428571428571,0.9071428571428571,0.9071428571428571
143,16s,0.6,0.3,0.9071428571428571,0.9071428571428571,0.9071428571428571
144,16s,0.6,0.4,0.9071428571428571,0.9071428571428571,0.9071428571428571
145,16s,0.6,0.5,0.8857142857142857,0.8857142857142857,0.8857142857142857
146,16s,0.6,0.6,0.85,0.85,0.85
147,16s,0.6,0.7,0.7785714285714286,0.7785714285714286,0.7785714285714285
148,16s,0.6,0.8,0.6285714285714286,0.6285714285714286,0.6285714285714286
149,16s,0.6,0.9,0.2357142857142857,0.2357142857142857,0.2357142857142857
150,16s,0.7,0.0,0.9485294117647058,0.9214285714285714,0.934782608695652
151,16s,0.7,0.1,0.9142857142857143,0.9142857142857143,0.9142857142857143
152,16s,0.7,0.2,0.9071428571428571,0.9071428571428571,0.9071428571428571
153,16s,0.7,0.3,0.9071428571428571,0.9071428571428571,0.9071428571428571
154,16s,0.7,0.4,0.9,0.9,0.9
155,16s,0.7,0.5,0.8642857142857143,0.8642857142857143,0.8642857142857143
156,16s,0.7,0.6,0.8357142857142857,0.8357142857142857,0.8357142857142857
157,16s,0.7,0.7,0.7571428571428571,0.7571428571428571,0.7571428571428571
158,16s,0.7,0.8,0.5928571428571429,0.5928571428571429,0.5928571428571429
159,16s,0.7,0.9,0.2,0.2,0.20000000000000004
160,16s,0.8,0.0,0.9772727272727273,0.9214285714285714,0.9485294117647058
161,16s,0.8,0.1,0.9338235294117647,0.9071428571428571,0.9202898550724637
162,16s,0.8,0.2,0.9264705882352942,0.9,0.9130434782608695
163,16s,0.8,0.3,0.9264705882352942,0.9,0.9130434782608695
164,16s,0.8,0.4,0.9044117647058824,0.8785714285714286,0.8913043478260869
165,16s,0.8,0.5,0.8823529411764706,0.8571428571428571,0.8695652173913043
166,16s,0.8,0.6,0.8308823529411765,0.8071428571428572,0.818840579710145
167,16s,0.8,0.7,0.7352941176470589,0.7142857142857143,0.7246376811594202
168,16s,0.8,0.8,0.5514705882352942,0.5357142857142857,0.5434782608695652
169,16s,0.8,0.9,0.14705882352941177,0.14285714285714285,0.14492753623188406
170,16s,0.9,0.0,0.9770992366412213,0.9142857142857143,0.9446494464944649
171,16s,0.9,0.1,0.9,0.9,0.9
172,16s,0.9,0.2,0.9,0.9,0.9
173,16s,0.9,0.3,0.8571428571428571,0.8571428571428571,0.8571428571428571
174,16s,0.9,0.4,0.85,0.85,0.85
175,16s,0.9,0.5,0.8,0.8,0.8000000000000002
176,16s,0.9,0.6,0.7357142857142858,0.7357142857142858,0.7357142857142858
177,16s,0.9,0.7,0.6,0.6,0.6
178,16s,0.9,0.8,0.36428571428571427,0.36428571428571427,0.36428571428571427
179,16s,0.9,0.9,0.03571428571428571,0.03571428571428571,0.03571428571428571
180,32s,0.1,0.0,0.35353535353535354,1.0,0.5223880597014925
181,32s,0.1,0.1,0.340632603406326,1.0,0.5081669691470054
182,32s,0.1,0.2,0.33737864077669905,0.9928571428571429,0.5036231884057971
183,32s,0.1,0.3,0.3276699029126214,0.9642857142857143,0.48913043478260865
184,32s,0.1,0.4,0.3179611650485437,0.9357142857142857,0.4746376811594204
185,32s,0.1,0.5,0.30097087378640774,0.8857142857142857,0.44927536231884063
186,32s,0.1,0.6,0.25728155339805825,0.7571428571428571,0.3840579710144927
187,32s,0.1,0.7,0.1553398058252427,0.45714285714285713,0.23188405797101447
188,32s,0.1,0.8,0.04611650485436893,0.1357142857142857,0.06884057971014493
189,32s,0.1,0.9,0.0,0.0,
190,32s,0.2,0.0,0.509090909090909,1.0,0.6746987951807228
191,32s,0.2,0.1,0.45161290322580644,1.0,0.6222222222222222
192,32s,0.2,0.2,0.44516129032258067,0.9857142857142858,0.6133333333333333
193,32s,0.2,0.3,0.44193548387096776,0.9785714285714285,0.6088888888888889
194,32s,0.2,0.4,0.432258064516129,0.9571428571428572,0.5955555555555556
195,32s,0.2,0.5,0.4096774193548387,0.9071428571428571,0.5644444444444444
196,32s,0.2,0.6,0.38387096774193546,0.85,0.5288888888888889
197,32s,0.2,0.7,0.3,0.6642857142857143,0.41333333333333333
198,32s,0.2,0.8,0.14838709677419354,0.32857142857142857,0.20444444444444443
199,32s,0.2,0.9,0.012903225806451613,0.02857142857142857,0.017777777777777778
200,32s,0.3,0.0,0.498220640569395,1.0,0.665083135391924
201,32s,0.3,0.1,0.46464646464646464,0.9857142857142858,0.6315789473684211
202,32s,0.3,0.2,0.4612794612794613,0.9785714285714285,0.6270022883295195
203,32s,0.3,0.3,0.45791245791245794,0.9714285714285714,0.6224256292906178
204,32s,0.3,0.4,0.4444444444444444,0.9428571428571428,0.6041189931350114
205,32s,0.3,0.5,0.44107744107744107,0.9357142857142857,0.5995423340961099
206,32s,0.3,0.6,0.41414141414141414,0.8785714285714286,0.5629290617848971
207,32s,0.3,0.7,0.3602693602693603,0.7642857142857142,0.4897025171624714
208,32s,0.3,0.8,0.21212121212121213,0.45,0.28832951945080093
209,32s,0.3,0.9,0.016835016835016835,0.03571428571428571,0.02288329519450801
210,32s,0.4,0.0,0.6069868995633187,0.9928571428571429,0.7533875338753387
211,32s,0.4,0.1,0.5111940298507462,0.9785714285714285,0.6715686274509804
212,32s,0.4,0.2,0.5111940298507462,0.9785714285714285,0.6715686274509804
213,32s,0.4,0.3,0.5074626865671642,0.9714285714285714,0.6666666666666667
214,32s,0.4,0.4,0.4962686567164179,0.95,0.6519607843137255
215,32s,0.4,0.5,0.48880597014925375,0.9357142857142857,0.6421568627450981
216,32s,0.4,0.6,0.4626865671641791,0.8857142857142857,0.6078431372549019
217,32s,0.4,0.7,0.41044776119402987,0.7857142857142857,0.5392156862745098
218,32s,0.4,0.8,0.2835820895522388,0.5428571428571428,0.3725490196078431
219,32s,0.4,0.9,0.05223880597014925,0.1,0.06862745098039215
220,32s,0.5,0.0,0.6052631578947368,0.9857142857142858,0.7500000000000001
221,32s,0.5,0.1,0.5396825396825397,0.9714285714285714,0.6938775510204082
222,32s,0.5,0.2,0.5396825396825397,0.9714285714285714,0.6938775510204082
223,32s,0.5,0.3,0.5317460317460317,0.9571428571428572,0.6836734693877551
224,32s,0.5,0.4,0.5277777777777778,0.95,0.6785714285714285
225,32s,0.5,0.5,0.5079365079365079,0.9142857142857143,0.653061224489796
226,32s,0.5,0.6,0.49206349206349204,0.8857142857142857,0.6326530612244897
227,32s,0.5,0.7,0.45634920634920634,0.8214285714285714,0.5867346938775511
228,32s,0.5,0.8,0.34523809523809523,0.6214285714285714,0.44387755102040816
229,32s,0.5,0.9,0.07142857142857142,0.12857142857142856,0.09183673469387756
230,32s,0.6,0.0,0.685,0.9785714285714285,0.8058823529411765
231,32s,0.6,0.1,0.6098654708520179,0.9714285714285714,0.7493112947658401
232,32s,0.6,0.2,0.6098654708520179,0.9714285714285714,0.7493112947658401
233,32s,0.6,0.3,0.600896860986547,0.9571428571428572,0.7382920110192838
234,32s,0.6,0.4,0.5919282511210763,0.9428571428571428,0.7272727272727273
235,32s,0.6,0.5,0.5695067264573991,0.9071428571428571,0.699724517906336
236,32s,0.6,0.6,0.5605381165919282,0.8928571428571429,0.6887052341597797
237,32s,0.6,0.7,0.5112107623318386,0.8142857142857143,0.6280991735537191
238,32s,0.6,0.8,0.3721973094170404,0.5928571428571429,0.4573002754820937
239,32s,0.6,0.9,0.08520179372197309,0.1357142857142857,0.1046831955922865
240,32s,0.7,0.0,0.7569060773480663,0.9785714285714285,0.8535825545171339
241,32s,0.7,0.1,0.6238532110091743,0.9714285714285714,0.7597765363128492
242,32s,0.7,0.2,0.6192660550458715,0.9642857142857143,0.7541899441340781
243,32s,0.7,0.3,0.6055045871559633,0.9428571428571428,0.7374301675977654
244,32s,0.7,0.4,0.5963302752293578,0.9285714285714286,0.7262569832402235
245,32s,0.7,0.5,0.5825688073394495,0.9071428571428571,0.7094972067039106
246,32s,0.7,0.6,0.5688073394495413,0.8857142857142857,0.6927374301675977
247,32s,0.7,0.7,0.5229357798165137,0.8142857142857143,0.6368715083798882
248,32s,0.7,0.8,0.3302752293577982,0.5142857142857142,0.40223463687150834
249,32s,0.7,0.9,0.08256880733944955,0.12857142857142856,0.10055865921787709
250,32s,0.8,0.0,0.768361581920904,0.9714285714285714,0.8580441640378548
251,32s,0.8,0.1,0.5903083700440529,0.9571428571428572,0.7302452316076296
252,32s,0.8,0.2,0.5903083700440529,0.9571428571428572,0.7302452316076296
253,32s,0.8,0.3,0.5770925110132159,0.9357142857142857,0.7138964577656676
254,32s,0.8,0.4,0.5682819383259912,0.9214285714285714,0.7029972752043596
255,32s,0.8,0.5,0.5462555066079295,0.8857142857142857,0.6757493188010899
256,32s,0.8,0.6,0.5242290748898678,0.85,0.6485013623978202
257,32s,0.8,0.7,0.44933920704845814,0.7285714285714285,0.555858310626703
258,32s,0.8,0.8,0.27312775330396477,0.44285714285714284,0.33787465940054495
259,32s,0.8,0.9,0.05726872246696035,0.09285714285714286,0.07084468664850137
260,32s,0.9,0.0,0.8220858895705522,0.9571428571428572,0.8844884488448845
261,32s,0.9,0.1,0.551440329218107,0.9571428571428572,0.6997389033942559
262,32s,0.9,0.2,0.5432098765432098,0.9428571428571428,0.6892950391644909
263,32s,0.9,0.3,0.51440329218107,0.8928571428571429,0.6527415143603132
264,32s,0.9,0.4,0.5020576131687243,0.8714285714285714,0.6370757180156659
265,32s,0.9,0.5,0.4691358024691358,0.8142857142857143,0.5953002610966056
266,32s,0.9,0.6,0.3991769547325103,0.6928571428571428,0.5065274151436031
267,32s,0.9,0.7,0.3045267489711934,0.5285714285714286,0.38642297650130547
268,32s,0.9,0.8,0.13991769547325103,0.24285714285714285,0.17754569190600522
269,32s,0.9,0.9,0.00411522633744856,0.007142857142857143,0.005221932114882507
0,sw_200px,1.0,0.0,0.19971469329529243,1.0,0.33293697978596903
1,sw_200px,1.0,0.1,0.13788300835654596,0.7071428571428572,0.23076923076923078
2,sw_200px,1.0,0.2,0.048409405255878286,0.25,0.08111239860950174
3,sw_200px,1.0,0.3,0.017980636237897647,0.09285714285714286,0.030127462340672075
4,sw_200px,1.0,0.4,0.006915629322268326,0.03571428571428571,0.011587485515643104
5,sw_200px,1.0,0.5,0.0027662517289073307,0.014285714285714285,0.004634994206257243
6,sw_200px,1.0,0.6,0.0013831258644536654,0.007142857142857143,0.0023174971031286215
7,sw_200px,1.0,0.7,0.0,0.0,
8,sw_200px,1.0,0.8,0.0,0.0,
9,sw_200px,1.0,0.9,0.0,0.0,
10,sw_200px,2.0,0.0,0.21870047543581617,0.9857142857142858,0.35797665369649806
11,sw_200px,2.0,0.1,0.1696969696969697,0.8,0.28
12,sw_200px,2.0,0.2,0.08308157099697885,0.39285714285714285,0.1371571072319202
13,sw_200px,2.0,0.3,0.030211480362537766,0.14285714285714285,0.04987531172069826
14,sw_200px,2.0,0.4,0.012084592145015106,0.05714285714285714,0.0199501246882793
15,sw_200px,2.0,0.5,0.0015105740181268882,0.007142857142857143,0.0024937655860349127
16,sw_200px,2.0,0.6,0.0,0.0,
17,sw_200px,2.0,0.7,0.0,0.0,
18,sw_200px,2.0,0.8,0.0,0.0,
19,sw_200px,2.0,0.9,0.0,0.0,
20,sw_200px,3.0,0.0,0.2623574144486692,0.9857142857142858,0.4144144144144144
21,sw_200px,3.0,0.1,0.1992818671454219,0.7928571428571428,0.3185078909612626
22,sw_200px,3.0,0.2,0.14542190305206462,0.5785714285714286,0.23242467718794835
23,sw_200px,3.0,0.3,0.06104129263913824,0.24285714285714285,0.0975609756097561
24,sw_200px,3.0,0.4,0.03411131059245961,0.1357142857142857,0.054519368723098996
25,sw_200px,3.0,0.5,0.00718132854578097,0.02857142857142857,0.011477761836441893
26,sw_200px,3.0,0.6,0.0017953321364452424,0.007142857142857143,0.002869440459110473
27,sw_200px,3.0,0.7,0.0,0.0,
28,sw_200px,3.0,0.8,0.0,0.0,
29,sw_200px,3.0,0.9,0.0,0.0,
30,sw_200px,4.0,0.0,0.31094527363184077,0.8928571428571429,0.46125461254612543
31,sw_200px,4.0,0.1,0.2266355140186916,0.6928571428571428,0.34154929577464793
32,sw_200px,4.0,0.2,0.17523364485981308,0.5357142857142857,0.2640845070422535
33,sw_200px,4.0,0.3,0.0911214953271028,0.2785714285714286,0.13732394366197184
34,sw_200px,4.0,0.4,0.04439252336448598,0.1357142857142857,0.06690140845070422
35,sw_200px,4.0,0.5,0.02102803738317757,0.06428571428571428,0.031690140845070415
36,sw_200px,4.0,0.6,0.007009345794392523,0.02142857142857143,0.01056338028169014
37,sw_200px,4.0,0.7,0.002336448598130841,0.007142857142857143,0.00352112676056338
38,sw_200px,4.0,0.8,0.0,0.0,
39,sw_200px,4.0,0.9,0.0,0.0,
40,sw_900px,1.0,0.0,0.6428571428571429,0.9642857142857143,0.7714285714285715
41,sw_900px,1.0,0.1,0.06666666666666667,0.1,0.08
42,sw_900px,1.0,0.2,0.0380952380952381,0.05714285714285714,0.045714285714285714
43,sw_900px,1.0,0.3,0.0,0.0,
44,sw_900px,1.0,0.4,0.0,0.0,
45,sw_900px,1.0,0.5,0.0,0.0,
46,sw_900px,1.0,0.6,0.0,0.0,
47,sw_900px,1.0,0.7,0.0,0.0,
48,sw_900px,1.0,0.8,0.0,0.0,
49,sw_900px,1.0,0.9,0.0,0.0,
50,sw_900px,2.0,0.0,0.538135593220339,0.9071428571428571,0.675531914893617
51,sw_900px,2.0,0.1,0.09282700421940929,0.15714285714285714,0.11671087533156499
52,sw_900px,2.0,0.2,0.046413502109704644,0.07857142857142857,0.058355437665782495
53,sw_900px,2.0,0.3,0.016877637130801686,0.02857142857142857,0.021220159151193633
54,sw_900px,2.0,0.4,0.004219409282700422,0.007142857142857143,0.005305039787798408
55,sw_900px,2.0,0.5,0.0,0.0,
56,sw_900px,2.0,0.6,0.0,0.0,
57,sw_900px,2.0,0.7,0.0,0.0,
58,sw_900px,2.0,0.8,0.0,0.0,
59,sw_900px,2.0,0.9,0.0,0.0,
60,sw_900px,3.0,0.0,0.4560669456066946,0.7785714285714286,0.575197889182058
61,sw_900px,3.0,0.1,0.22916666666666666,0.39285714285714285,0.2894736842105263
62,sw_900px,3.0,0.2,0.0875,0.15,0.11052631578947368
63,sw_900px,3.0,0.3,0.04583333333333333,0.07857142857142857,0.057894736842105256
64,sw_900px,3.0,0.4,0.020833333333333332,0.03571428571428571,0.026315789473684213
65,sw_900px,3.0,0.5,0.0125,0.02142857142857143,0.015789473684210523
66,sw_900px,3.0,0.6,0.008333333333333333,0.014285714285714285,0.010526315789473684
67,sw_900px,3.0,0.7,0.0,0.0,
68,sw_900px,3.0,0.8,0.0,0.0,
69,sw_900px,3.0,0.9,0.0,0.0,
70,sw_900px,4.0,0.0,0.4017467248908297,0.6571428571428571,0.49864498644986455
71,sw_900px,4.0,0.1,0.26956521739130435,0.44285714285714284,0.33513513513513515
72,sw_900px,4.0,0.2,0.12173913043478261,0.2,0.15135135135135136
73,sw_900px,4.0,0.3,0.06521739130434782,0.10714285714285714,0.08108108108108107
74,sw_900px,4.0,0.4,0.0391304347826087,0.06428571428571428,0.04864864864864865
75,sw_900px,4.0,0.5,0.021739130434782608,0.03571428571428571,0.027027027027027025
76,sw_900px,4.0,0.6,0.008695652173913044,0.014285714285714285,0.010810810810810811
77,sw_900px,4.0,0.7,0.0,0.0,
78,sw_900px,4.0,0.8,0.0,0.0,
79,sw_900px,4.0,0.9,0.0,0.0,
80,sw_100px,1.0,0.0,0.09422283356258597,0.9856115107913669,0.17200251098556182
81,sw_100px,1.0,0.1,0.06961613532856213,0.7697841726618705,0.1276849642004773
82,sw_100px,1.0,0.2,0.038910505836575876,0.4316546762589928,0.07138607971445568
83,sw_100px,1.0,0.3,0.01232166018158236,0.1366906474820144,0.02260559190957763
84,sw_100px,1.0,0.4,0.004539559014267186,0.050359712230215826,0.008328375966686497
85,sw_100px,1.0,0.5,0.0012970168612191958,0.014388489208633094,0.002379535990481856
86,sw_100px,1.0,0.6,0.0012970168612191958,0.014388489208633094,0.002379535990481856
87,sw_100px,1.0,0.7,0.0012970168612191958,0.014388489208633094,0.002379535990481856
88,sw_100px,1.0,0.8,0.0,0.0,
89,sw_100px,1.0,0.9,0.0,0.0,
90,sw_100px,2.0,0.0,0.11775043936731107,0.9640287769784173,0.20986687548942837
91,sw_100px,2.0,0.1,0.08677685950413223,0.7553956834532374,0.15567086730911786
92,sw_100px,2.0,0.2,0.0594059405940594,0.5179856115107914,0.1065877128053294
93,sw_100px,2.0,0.3,0.024752475247524754,0.2158273381294964,0.04441154700222058
94,sw_100px,2.0,0.4,0.010726072607260726,0.09352517985611511,0.019245003700962247
95,sw_100px,2.0,0.5,0.0033003300330033004,0.02877697841726619,0.005921539600296077
96,sw_100px,2.0,0.6,0.0033003300330033004,0.02877697841726619,0.005921539600296077
97,sw_100px,2.0,0.7,0.0008250825082508251,0.007194244604316547,0.0014803849000740192
98,sw_100px,2.0,0.8,0.0,0.0,
99,sw_100px,2.0,0.9,0.0,0.0,
100,sw_100px,3.0,0.0,0.15345911949685534,0.8776978417266187,0.26124197002141325
101,sw_100px,3.0,0.1,0.10714285714285714,0.6690647482014388,0.18470705064548165
102,sw_100px,3.0,0.2,0.07921928817451206,0.49640287769784175,0.13663366336633664
103,sw_100px,3.0,0.3,0.045924225028702644,0.28776978417266186,0.07920792079207921
104,sw_100px,3.0,0.4,0.01722158438576349,0.1079136690647482,0.029702970297029698
105,sw_100px,3.0,0.5,0.008036739380022962,0.050359712230215826,0.013861386138613862
106,sw_100px,3.0,0.6,0.001148105625717566,0.007194244604316547,0.00198019801980198
107,sw_100px,3.0,0.7,0.0,0.0,
108,sw_100px,3.0,0.8,0.0,0.0,
109,sw_100px,3.0,0.9,0.0,0.0,
110,sw_100px,4.0,0.0,0.2032967032967033,0.7985611510791367,0.3240875912408759
111,sw_100px,4.0,0.1,0.10969793322734499,0.49640287769784175,0.1796875
112,sw_100px,4.0,0.2,0.07109004739336493,0.3237410071942446,0.11658031088082901
113,sw_100px,4.0,0.3,0.036334913112164295,0.16546762589928057,0.05958549222797927
114,sw_100px,4.0,0.4,0.01579778830963665,0.07194244604316546,0.02590673575129533
115,sw_100px,4.0,0.5,0.00315955766192733,0.014388489208633094,0.0051813471502590676
116,sw_100px,4.0,0.6,0.0,0.0,
117,sw_100px,4.0,0.7,0.0,0.0,
118,sw_100px,4.0,0.8,0.0,0.0,
119,sw_100px,4.0,0.9,0.0,0.0,
120,sw_1000px,1.0,0.0,0.66,0.9428571428571428,0.7764705882352942
121,sw_1000px,1.0,0.1,0.065,0.09285714285714286,0.07647058823529411
122,sw_1000px,1.0,0.2,0.005,0.007142857142857143,0.005882352941176471
123,sw_1000px,1.0,0.3,0.0,0.0,
124,sw_1000px,1.0,0.4,0.0,0.0,
125,sw_1000px,1.0,0.5,0.0,0.0,
126,sw_1000px,1.0,0.6,0.0,0.0,
127,sw_1000px,1.0,0.7,0.0,0.0,
128,sw_1000px,1.0,0.8,0.0,0.0,
129,sw_1000px,1.0,0.9,0.0,0.0,
130,sw_1000px,2.0,0.0,0.569377990430622,0.85,0.6819484240687679
131,sw_1000px,2.0,0.1,0.09090909090909091,0.1357142857142857,0.10888252148997134
132,sw_1000px,2.0,0.2,0.04784688995215311,0.07142857142857142,0.05730659025787966
133,sw_1000px,2.0,0.3,0.004784688995215311,0.007142857142857143,0.0057306590257879654
134,sw_1000px,2.0,0.4,0.0,0.0,
135,sw_1000px,2.0,0.5,0.0,0.0,
136,sw_1000px,2.0,0.6,0.0,0.0,
137,sw_1000px,2.0,0.7,0.0,0.0,
138,sw_1000px,2.0,0.8,0.0,0.0,
139,sw_1000px,2.0,0.9,0.0,0.0,
140,sw_1000px,3.0,0.0,0.4608294930875576,0.7142857142857143,0.5602240896358545
141,sw_1000px,3.0,0.1,0.2350230414746544,0.36428571428571427,0.2857142857142857
142,sw_1000px,3.0,0.2,0.09216589861751152,0.14285714285714285,0.11204481792717087
143,sw_1000px,3.0,0.3,0.05069124423963134,0.07857142857142857,0.06162464985994398
144,sw_1000px,3.0,0.4,0.009216589861751152,0.014285714285714285,0.011204481792717085
145,sw_1000px,3.0,0.5,0.0,0.0,
146,sw_1000px,3.0,0.6,0.0,0.0,
147,sw_1000px,3.0,0.7,0.0,0.0,
148,sw_1000px,3.0,0.8,0.0,0.0,
149,sw_1000px,3.0,0.9,0.0,0.0,
150,sw_1000px,4.0,0.0,0.3942307692307692,0.5857142857142857,0.47126436781609193
151,sw_1000px,4.0,0.1,0.26066350710900477,0.39285714285714285,0.3133903133903134
152,sw_1000px,4.0,0.2,0.12796208530805686,0.19285714285714287,0.15384615384615385
153,sw_1000px,4.0,0.3,0.08056872037914692,0.12142857142857143,0.09686609686609686
154,sw_1000px,4.0,0.4,0.04739336492890995,0.07142857142857142,0.05698005698005698
155,sw_1000px,4.0,0.5,0.014218009478672985,0.02142857142857143,0.017094017094017092
156,sw_1000px,4.0,0.6,0.0,0.0,
157,sw_1000px,4.0,0.7,0.0,0.0,
158,sw_1000px,4.0,0.8,0.0,0.0,
159,sw_1000px,4.0,0.9,0.0,0.0,
160,sw_800px,1.0,0.0,0.5648535564853556,0.9712230215827338,0.7142857142857143
161,sw_800px,1.0,0.1,0.06276150627615062,0.1079136690647482,0.07936507936507936
162,sw_800px,1.0,0.2,0.03765690376569038,0.06474820143884892,0.047619047619047616
163,sw_800px,1.0,0.3,0.0041841004184100415,0.007194244604316547,0.005291005291005291
164,sw_800px,1.0,0.4,0.0,0.0,
165,sw_800px,1.0,0.5,0.0,0.0,
166,sw_800px,1.0,0.6,0.0,0.0,
167,sw_800px,1.0,0.7,0.0,0.0,
168,sw_800px,1.0,0.8,0.0,0.0,
169,sw_800px,1.0,0.9,0.0,0.0,
170,sw_800px,2.0,0.0,0.5059760956175299,0.9136690647482014,0.6512820512820512
171,sw_800px,2.0,0.1,0.12350597609561753,0.22302158273381295,0.15897435897435896
172,sw_800px,2.0,0.2,0.04780876494023904,0.08633093525179857,0.06153846153846154
173,sw_800px,2.0,0.3,0.0199203187250996,0.03597122302158273,0.025641025641025644
174,sw_800px,2.0,0.4,0.00398406374501992,0.007194244604316547,0.005128205128205128
175,sw_800px,2.0,0.5,0.0,0.0,
176,sw_800px,2.0,0.6,0.0,0.0,
177,sw_800px,2.0,0.7,0.0,0.0,
178,sw_800px,2.0,0.8,0.0,0.0,
179,sw_800px,2.0,0.9,0.0,0.0,
180,sw_800px,3.0,0.0,0.4220532319391635,0.7985611510791367,0.5522388059701492
181,sw_800px,3.0,0.1,0.20454545454545456,0.38848920863309355,0.2679900744416874
182,sw_800px,3.0,0.2,0.0946969696969697,0.17985611510791366,0.12406947890818856
183,sw_800px,3.0,0.3,0.04924242424242424,0.09352517985611511,0.06451612903225806
184,sw_800px,3.0,0.4,0.026515151515151516,0.050359712230215826,0.034739454094292806
185,sw_800px,3.0,0.5,0.011363636363636364,0.02158273381294964,0.01488833746898263
186,sw_800px,3.0,0.6,0.003787878787878788,0.007194244604316547,0.004962779156327543
187,sw_800px,3.0,0.7,0.0,0.0,
188,sw_800px,3.0,0.8,0.0,0.0,
189,sw_800px,3.0,0.9,0.0,0.0,
190,sw_800px,4.0,0.0,0.38247011952191234,0.6906474820143885,0.49230769230769234
191,sw_800px,4.0,0.1,0.2490118577075099,0.45323741007194246,0.32142857142857145
192,sw_800px,4.0,0.2,0.1225296442687747,0.22302158273381295,0.15816326530612243
193,sw_800px,4.0,0.3,0.07114624505928854,0.12949640287769784,0.09183673469387756
194,sw_800px,4.0,0.4,0.039525691699604744,0.07194244604316546,0.05102040816326531
195,sw_800px,4.0,0.5,0.019762845849802372,0.03597122302158273,0.025510204081632654
196,sw_800px,4.0,0.6,0.011857707509881422,0.02158273381294964,0.015306122448979591
197,sw_800px,4.0,0.7,0.0,0.0,
198,sw_800px,4.0,0.8,0.0,0.0,
199,sw_800px,4.0,0.9,0.0,0.0,
200,sw_400px,1.0,0.0,0.32710280373831774,1.0,0.49295774647887325
201,sw_400px,1.0,0.1,0.10930232558139535,0.3357142857142857,0.1649122807017544
202,sw_400px,1.0,0.2,0.03488372093023256,0.10714285714285714,0.052631578947368425
203,sw_400px,1.0,0.3,0.02558139534883721,0.07857142857142857,0.03859649122807017
204,sw_400px,1.0,0.4,0.013953488372093023,0.04285714285714286,0.021052631578947368
205,sw_400px,1.0,0.5,0.009302325581395349,0.02857142857142857,0.014035087719298248
206,sw_400px,1.0,0.6,0.004651162790697674,0.014285714285714285,0.007017543859649124
207,sw_400px,1.0,0.7,0.0,0.0,
208,sw_400px,1.0,0.8,0.0,0.0,
209,sw_400px,1.0,0.9,0.0,0.0,
210,sw_400px,2.0,0.0,0.3484848484848485,0.9857142857142858,0.5149253731343283
211,sw_400px,2.0,0.1,0.18952618453865336,0.5428571428571428,0.2809611829944547
212,sw_400px,2.0,0.2,0.06982543640897755,0.2,0.10351201478743069
213,sw_400px,2.0,0.3,0.02743142144638404,0.07857142857142857,0.04066543438077634
214,sw_400px,2.0,0.4,0.014962593516209476,0.04285714285714286,0.022181146025878003
215,sw_400px,2.0,0.5,0.014962593516209476,0.04285714285714286,0.022181146025878003
216,sw_400px,2.0,0.6,0.004987531172069825,0.014285714285714285,0.0073937153419593345
217,sw_400px,2.0,0.7,0.0,0.0,
218,sw_400px,2.0,0.8,0.0,0.0,
219,sw_400px,2.0,0.9,0.0,0.0,
220,sw_400px,3.0,0.0,0.38636363636363635,0.9714285714285714,0.5528455284552846
221,sw_400px,3.0,0.1,0.3258426966292135,0.8285714285714286,0.467741935483871
222,sw_400px,3.0,0.2,0.17696629213483145,0.45,0.2540322580645161
223,sw_400px,3.0,0.3,0.06741573033707865,0.17142857142857143,0.0967741935483871
224,sw_400px,3.0,0.4,0.02247191011235955,0.05714285714285714,0.03225806451612904
225,sw_400px,3.0,0.5,0.008426966292134831,0.02142857142857143,0.012096774193548387
226,sw_400px,3.0,0.6,0.0028089887640449437,0.007142857142857143,0.00403225806451613
227,sw_400px,3.0,0.7,0.0,0.0,
228,sw_400px,3.0,0.8,0.0,0.0,
229,sw_400px,3.0,0.9,0.0,0.0,
230,sw_400px,4.0,0.0,0.4150326797385621,0.9071428571428571,0.5695067264573991
231,sw_400px,4.0,0.1,0.32075471698113206,0.7285714285714285,0.44541484716157204
232,sw_400px,4.0,0.2,0.2006269592476489,0.45714285714285713,0.2788671023965142
233,sw_400px,4.0,0.3,0.09404388714733543,0.21428571428571427,0.13071895424836602
234,sw_400px,4.0,0.4,0.02821316614420063,0.06428571428571428,0.039215686274509796
235,sw_400px,4.0,0.5,0.009404388714733543,0.02142857142857143,0.013071895424836602
236,sw_400px,4.0,0.6,0.0,0.0,
237,sw_400px,4.0,0.7,0.0,0.0,
238,sw_400px,4.0,0.8,0.0,0.0,
239,sw_400px,4.0,0.9,0.0,0.0,
240,sw_700px,1.0,0.0,0.5055350553505535,0.9785714285714285,0.6666666666666666
241,sw_700px,1.0,0.1,0.07749077490774908,0.15,0.10218978102189781
242,sw_700px,1.0,0.2,0.025830258302583026,0.05,0.0340632603406326
243,sw_700px,1.0,0.3,0.0036900369003690036,0.007142857142857143,0.004866180048661801
244,sw_700px,1.0,0.4,0.0,0.0,
245,sw_700px,1.0,0.5,0.0,0.0,
246,sw_700px,1.0,0.6,0.0,0.0,
247,sw_700px,1.0,0.7,0.0,0.0,
248,sw_700px,1.0,0.8,0.0,0.0,
249,sw_700px,1.0,0.9,0.0,0.0,
250,sw_700px,2.0,0.0,0.4444444444444444,0.9428571428571428,0.6041189931350114
251,sw_700px,2.0,0.1,0.12416107382550336,0.2642857142857143,0.1689497716894977
252,sw_700px,2.0,0.2,0.0436241610738255,0.09285714285714286,0.0593607305936073
253,sw_700px,2.0,0.3,0.026845637583892617,0.05714285714285714,0.0365296803652968
254,sw_700px,2.0,0.4,0.010067114093959731,0.02142857142857143,0.0136986301369863
255,sw_700px,2.0,0.5,0.0,0.0,
256,sw_700px,2.0,0.6,0.0,0.0,
257,sw_700px,2.0,0.7,0.0,0.0,
258,sw_700px,2.0,0.8,0.0,0.0,
259,sw_700px,2.0,0.9,0.0,0.0,
260,sw_700px,3.0,0.0,0.4175824175824176,0.8142857142857143,0.5520581113801453
261,sw_700px,3.0,0.1,0.24727272727272728,0.4857142857142857,0.327710843373494
262,sw_700px,3.0,0.2,0.10545454545454545,0.20714285714285716,0.13975903614457832
263,sw_700px,3.0,0.3,0.04727272727272727,0.09285714285714286,0.06265060240963854
264,sw_700px,3.0,0.4,0.03272727272727273,0.06428571428571428,0.04337349397590362
265,sw_700px,3.0,0.5,0.025454545454545455,0.05,0.033734939759036145
266,sw_700px,3.0,0.6,0.007272727272727273,0.014285714285714285,0.009638554216867469
267,sw_700px,3.0,0.7,0.0,0.0,
268,sw_700px,3.0,0.8,0.0,0.0,
269,sw_700px,3.0,0.9,0.0,0.0,
270,sw_700px,4.0,0.0,0.3975409836065574,0.6928571428571428,0.5052083333333334
271,sw_700px,4.0,0.1,0.2967479674796748,0.5214285714285715,0.3782383419689119
272,sw_700px,4.0,0.2,0.15040650406504066,0.2642857142857143,0.19170984455958548
273,sw_700px,4.0,0.3,0.07317073170731707,0.12857142857142856,0.0932642487046632
274,sw_700px,4.0,0.4,0.036585365853658534,0.06428571428571428,0.0466321243523316
275,sw_700px,4.0,0.5,0.012195121951219513,0.02142857142857143,0.0155440414507772
276,sw_700px,4.0,0.6,0.0,0.0,
277,sw_700px,4.0,0.7,0.0,0.0,
278,sw_700px,4.0,0.8,0.0,0.0,
279,sw_700px,4.0,0.9,0.0,0.0,
280,sw_600px,1.0,0.0,0.43492063492063493,0.9785714285714285,0.6021978021978023
281,sw_600px,1.0,0.1,0.08253968253968254,0.18571428571428572,0.1142857142857143
282,sw_600px,1.0,0.2,0.0380952380952381,0.08571428571428572,0.05274725274725275
283,sw_600px,1.0,0.3,0.012698412698412698,0.02857142857142857,0.017582417582417582
284,sw_600px,1.0,0.4,0.0,0.0,
285,sw_600px,1.0,0.5,0.0,0.0,
286,sw_600px,1.0,0.6,0.0,0.0,
287,sw_600px,1.0,0.7,0.0,0.0,
288,sw_600px,1.0,0.8,0.0,0.0,
289,sw_600px,1.0,0.9,0.0,0.0,
290,sw_600px,2.0,0.0,0.4231974921630094,0.9642857142857143,0.588235294117647
291,sw_600px,2.0,0.1,0.13125,0.3,0.1826086956521739
292,sw_600px,2.0,0.2,0.046875,0.10714285714285714,0.06521739130434781
293,sw_600px,2.0,0.3,0.034375,0.07857142857142857,0.04782608695652174
294,sw_600px,2.0,0.4,0.015625,0.03571428571428571,0.021739130434782608
295,sw_600px,2.0,0.5,0.003125,0.007142857142857143,0.004347826086956522
296,sw_600px,2.0,0.6,0.0,0.0,
297,sw_600px,2.0,0.7,0.0,0.0,
298,sw_600px,2.0,0.8,0.0,0.0,
299,sw_600px,2.0,0.9,0.0,0.0,
300,sw_600px,3.0,0.0,0.4090909090909091,0.9,0.5625000000000001
301,sw_600px,3.0,0.1,0.2724358974358974,0.6071428571428571,0.3761061946902654
302,sw_600px,3.0,0.2,0.13782051282051283,0.30714285714285716,0.1902654867256637
303,sw_600px,3.0,0.3,0.0673076923076923,0.15,0.09292035398230088
304,sw_600px,3.0,0.4,0.028846153846153848,0.06428571428571428,0.03982300884955752
305,sw_600px,3.0,0.5,0.01282051282051282,0.02857142857142857,0.017699115044247787
306,sw_600px,3.0,0.6,0.009615384615384616,0.02142857142857143,0.01327433628318584
307,sw_600px,3.0,0.7,0.0,0.0,
308,sw_600px,3.0,0.8,0.0,0.0,
309,sw_600px,3.0,0.9,0.0,0.0,
310,sw_600px,4.0,0.0,0.4142857142857143,0.8285714285714286,0.5523809523809524
311,sw_600px,4.0,0.1,0.31095406360424027,0.6285714285714286,0.4160756501182033
312,sw_600px,4.0,0.2,0.19434628975265017,0.39285714285714285,0.26004728132387706
313,sw_600px,4.0,0.3,0.08480565371024736,0.17142857142857143,0.11347517730496455
314,sw_600px,4.0,0.4,0.038869257950530034,0.07857142857142857,0.05200945626477541
315,sw_600px,4.0,0.5,0.0176678445229682,0.03571428571428571,0.02364066193853428
316,sw_600px,4.0,0.6,0.0,0.0,
317,sw_600px,4.0,0.7,0.0,0.0,
318,sw_600px,4.0,0.8,0.0,0.0,
319,sw_600px,4.0,0.9,0.0,0.0,
320,sw_300px,1.0,0.0,0.2688588007736944,0.9928571428571429,0.4231354642313547
321,sw_300px,1.0,0.1,0.1329479768786127,0.4928571428571429,0.2094081942336874
322,sw_300px,1.0,0.2,0.046242774566473986,0.17142857142857143,0.07283763277693474
323,sw_300px,1.0,0.3,0.023121387283236993,0.08571428571428572,0.03641881638846737
324,sw_300px,1.0,0.4,0.011560693641618497,0.04285714285714286,0.018209408194233685
325,sw_300px,1.0,0.5,0.007707129094412331,0.02857142857142857,0.01213960546282246
326,sw_300px,1.0,0.6,0.0038535645472061657,0.014285714285714285,0.00606980273141123
327,sw_300px,1.0,0.7,0.0,0.0,
328,sw_300px,1.0,0.8,0.0,0.0,
329,sw_300px,1.0,0.9,0.0,0.0,
330,sw_300px,2.0,0.0,0.29018789144050106,0.9928571428571429,0.44911147011308566
331,sw_300px,2.0,0.1,0.19795918367346937,0.6928571428571428,0.30793650793650795
332,sw_300px,2.0,0.2,0.0836734693877551,0.29285714285714287,0.13015873015873017
333,sw_300px,2.0,0.3,0.0326530612244898,0.11428571428571428,0.0507936507936508
334,sw_300px,2.0,0.4,0.012244897959183673,0.04285714285714286,0.019047619047619046
335,sw_300px,2.0,0.5,0.012244897959183673,0.04285714285714286,0.019047619047619046
336,sw_300px,2.0,0.6,0.004081632653061225,0.014285714285714285,0.00634920634920635
337,sw_300px,2.0,0.7,0.0,0.0,
338,sw_300px,2.0,0.8,0.0,0.0,
339,sw_300px,2.0,0.9,0.0,0.0,
340,sw_300px,3.0,0.0,0.3159144893111639,0.95,0.4741532976827095
341,sw_300px,3.0,0.1,0.2648401826484018,0.8285714285714286,0.4013840830449827
342,sw_300px,3.0,0.2,0.14350797266514806,0.45,0.2176165803108808
343,sw_300px,3.0,0.3,0.07061503416856492,0.22142857142857142,0.1070811744386874
344,sw_300px,3.0,0.4,0.025056947608200455,0.07857142857142857,0.03799654576856649
345,sw_300px,3.0,0.5,0.004555808656036446,0.014285714285714285,0.0069084628670120895
346,sw_300px,3.0,0.6,0.0,0.0,
347,sw_300px,3.0,0.7,0.0,0.0,
348,sw_300px,3.0,0.8,0.0,0.0,
349,sw_300px,3.0,0.9,0.0,0.0,
350,sw_300px,4.0,0.0,0.3649425287356322,0.9071428571428571,0.5204918032786886
351,sw_300px,4.0,0.1,0.27624309392265195,0.7142857142857143,0.398406374501992
352,sw_300px,4.0,0.2,0.1712707182320442,0.44285714285714284,0.2470119521912351
353,sw_300px,4.0,0.3,0.09116022099447514,0.2357142857142857,0.1314741035856574
354,sw_300px,4.0,0.4,0.03591160220994475,0.09285714285714286,0.05179282868525897
355,sw_300px,4.0,0.5,0.019337016574585635,0.05,0.027888446215139445
356,sw_300px,4.0,0.6,0.0,0.0,
357,sw_300px,4.0,0.7,0.0,0.0,
358,sw_300px,4.0,0.8,0.0,0.0,
359,sw_300px,4.0,0.9,0.0,0.0,
360,sw_500px,1.0,0.0,0.40173410404624277,0.9928571428571429,0.5720164609053497
361,sw_500px,1.0,0.1,0.09221902017291066,0.22857142857142856,0.13141683778234087
362,sw_500px,1.0,0.2,0.037463976945244955,0.09285714285714286,0.053388090349075976
363,sw_500px,1.0,0.3,0.025936599423631124,0.06428571428571428,0.03696098562628337
364,sw_500px,1.0,0.4,0.008645533141210375,0.02142857142857143,0.012320328542094456
365,sw_500px,1.0,0.5,0.0,0.0,
366,sw_500px,1.0,0.6,0.0,0.0,
367,sw_500px,1.0,0.7,0.0,0.0,
368,sw_500px,1.0,0.8,0.0,0.0,
369,sw_500px,1.0,0.9,0.0,0.0,
370,sw_500px,2.0,0.0,0.38636363636363635,0.9714285714285714,0.5528455284552846
371,sw_500px,2.0,0.1,0.1813031161473088,0.45714285714285713,0.25963488843813387
372,sw_500px,2.0,0.2,0.06232294617563739,0.15714285714285714,0.08924949290060852
373,sw_500px,2.0,0.3,0.0339943342776204,0.08571428571428572,0.0486815415821501
374,sw_500px,2.0,0.4,0.019830028328611898,0.05,0.028397565922920892
375,sw_500px,2.0,0.5,0.014164305949008499,0.03571428571428571,0.02028397565922921
376,sw_500px,2.0,0.6,0.0028328611898017,0.007142857142857143,0.004056795131845842
377,sw_500px,2.0,0.7,0.0,0.0,
378,sw_500px,2.0,0.8,0.0,0.0,
379,sw_500px,2.0,0.9,0.0,0.0,
380,sw_500px,3.0,0.0,0.42207792207792205,0.9285714285714286,0.5803571428571428
381,sw_500px,3.0,0.1,0.30670926517571884,0.6857142857142857,0.42384105960264895
382,sw_500px,3.0,0.2,0.1597444089456869,0.35714285714285715,0.22075055187637965
383,sw_500px,3.0,0.3,0.06389776357827476,0.14285714285714285,0.08830022075055187
384,sw_500px,3.0,0.4,0.03514376996805112,0.07857142857142857,0.04856512141280353
385,sw_500px,3.0,0.5,0.022364217252396165,0.05,0.03090507726269316
386,sw_500px,3.0,0.6,0.009584664536741214,0.02142857142857143,0.01324503311258278
387,sw_500px,3.0,0.7,0.0,0.0,
388,sw_500px,3.0,0.8,0.0,0.0,
389,sw_500px,3.0,0.9,0.0,0.0,
390,sw_500px,4.0,0.0,0.4312267657992565,0.8285714285714286,0.567237163814181
391,sw_500px,4.0,0.1,0.3443223443223443,0.6714285714285714,0.45520581113801456
392,sw_500px,4.0,0.2,0.18315018315018314,0.35714285714285715,0.24213075060532688
393,sw_500px,4.0,0.3,0.0989010989010989,0.19285714285714287,0.1307506053268765
394,sw_500px,4.0,0.4,0.03663003663003663,0.07142857142857142,0.048426150121065374
395,sw_500px,4.0,0.5,0.003663003663003663,0.007142857142857143,0.004842615012106538
396,sw_500px,4.0,0.6,0.003663003663003663,0.007142857142857143,0.004842615012106538
397,sw_500px,4.0,0.7,0.0,0.0,
398,sw_500px,4.0,0.8,0.0,0.0,
399,sw_500px,4.0,0.9,0.0,0.0,
